,pclass,survived,age,Siblings and Spouses Aboard,Parents and Children Aboard,fare,embarked,cabin_letter,is_male,Total Family Aboard
0,1.0,1.0,29.0,0.0,0.0,211.3375,Southampton,B,0,0.0
1,1.0,1.0,0.9167,1.0,2.0,151.55,Southampton,C,1,3.0
2,1.0,0.0,2.0,1.0,2.0,151.55,Southampton,C,0,3.0
3,1.0,0.0,30.0,1.0,2.0,151.55,Southampton,C,1,3.0
4,1.0,0.0,25.0,1.0,2.0,151.55,Southampton,C,0,3.0
5,1.0,1.0,48.0,0.0,0.0,26.55,Southampton,E,1,0.0
6,1.0,1.0,63.0,1.0,0.0,77.9583,Southampton,D,0,1.0
7,1.0,0.0,39.0,0.0,0.0,0.0,Southampton,A,1,0.0
8,1.0,1.0,53.0,2.0,0.0,51.4792,Southampton,C,0,2.0
9,1.0,0.0,71.0,0.0,0.0,49.5042,Cherbourg,,1,0.0
10,1.0,0.0,47.0,1.0,0.0,227.525,Cherbourg,C,1,1.0
11,1.0,1.0,18.0,1.0,0.0,227.525,Cherbourg,C,0,1.0
12,1.0,1.0,24.0,0.0,0.0,69.3,Cherbourg,B,0,0.0
13,1.0,1.0,26.0,0.0,0.0,78.85,Southampton,,0,0.0
14,1.0,1.0,80.0,0.0,0.0,30.0,Southampton,A,1,0.0
15,1.0,0.0,,0.0,0.0,25.925,Southampton,,1,0.0
16,1.0,0.0,24.0,0.0,1.0,247.5208,Cherbourg,B,1,1.0
17,1.0,1.0,50.0,0.0,1.0,247.5208,Cherbourg,B,0,1.0
18,1.0,1.0,32.0,0.0,0.0,76.2917,Cherbourg,D,0,0.0
19,1.0,0.0,36.0,0.0,0.0,75.2417,Cherbourg,C,1,0.0
20,1.0,1.0,37.0,1.0,1.0,52.5542,Southampton,D,1,2.0
21,1.0,1.0,47.0,1.0,1.0,52.5542,Southampton,D,0,2.0
22,1.0,1.0,26.0,0.0,0.0,30.0,Cherbourg,C,1,0.0
23,1.0,1.0,42.0,0.0,0.0,227.525,Cherbourg,,0,0.0
24,1.0,1.0,29.0,0.0,0.0,221.7792,Southampton,C,0,0.0
25,1.0,0.0,25.0,0.0,0.0,26.0,Cherbourg,,1,0.0
26,1.0,1.0,25.0,1.0,0.0,91.0792,Cherbourg,B,1,1.0
27,1.0,1.0,19.0,1.0,0.0,91.0792,Cherbourg,B,0,1.0
28,1.0,1.0,35.0,0.0,0.0,135.6333,Southampton,C,0,0.0
29,1.0,1.0,28.0,0.0,0.0,26.55,Southampton,C,1,0.0
30,1.0,0.0,45.0,0.0,0.0,35.5,Southampton,T,1,0.0
31,1.0,1.0,40.0,0.0,0.0,31.0,Cherbourg,A,1,0.0
32,1.0,1.0,30.0,0.0,0.0,164.8667,Southampton,C,0,0.0
33,1.0,1.0,58.0,0.0,0.0,26.55,Southampton,C,0,0.0
34,1.0,0.0,42.0,0.0,0.0,26.55,Southampton,D,1,0.0
35,1.0,1.0,45.0,0.0,0.0,262.375,Cherbourg,,0,0.0
36,1.0,1.0,22.0,0.0,1.0,55.0,Southampton,E,0,1.0
37,1.0,1.0,,0.0,0.0,26.55,Southampton,,1,0.0
38,1.0,0.0,41.0,0.0,0.0,30.5,Southampton,A,1,0.0
39,1.0,0.0,48.0,0.0,0.0,50.4958,Cherbourg,B,1,0.0
40,1.0,0.0,,0.0,0.0,39.6,Cherbourg,,1,0.0
41,1.0,1.0,44.0,0.0,0.0,27.7208,Cherbourg,B,0,0.0
42,1.0,1.0,59.0,2.0,0.0,51.4792,Southampton,C,0,2.0
43,1.0,1.0,60.0,0.0,0.0,76.2917,Cherbourg,D,0,0.0
44,1.0,1.0,41.0,0.0,0.0,134.5,Cherbourg,E,0,0.0
45,1.0,0.0,45.0,0.0,0.0,26.55,Southampton,B,1,0.0
46,1.0,0.0,,0.0,0.0,31.0,Southampton,,1,0.0
47,1.0,1.0,42.0,0.0,0.0,26.2875,Southampton,E,1,0.0
48,1.0,1.0,53.0,0.0,0.0,27.4458,Cherbourg,,0,0.0
49,1.0,1.0,36.0,0.0,1.0,512.3292,Cherbourg,B,1,1.0
50,1.0,1.0,58.0,0.0,1.0,512.3292,Cherbourg,B,0,1.0
51,1.0,0.0,33.0,0.0,0.0,5.0,Southampton,B,1,0.0
52,1.0,0.0,28.0,0.0,0.0,47.1,Southampton,,1,0.0
53,1.0,0.0,17.0,0.0,0.0,47.1,Southampton,,1,0.0
54,1.0,1.0,11.0,1.0,2.0,120.0,Southampton,B,1,3.0
55,1.0,1.0,14.0,1.0,2.0,120.0,Southampton,B,0,3.0
56,1.0,1.0,36.0,1.0,2.0,120.0,Southampton,B,1,3.0
57,1.0,1.0,36.0,1.0,2.0,120.0,Southampton,B,0,3.0
58,1.0,0.0,49.0,0.0,0.0,26.0,Southampton,,1,0.0
59,1.0,1.0,,0.0,0.0,27.7208,Cherbourg,,0,0.0
60,1.0,0.0,36.0,1.0,0.0,78.85,Southampton,C,1,1.0
61,1.0,1.0,76.0,1.0,0.0,78.85,Southampton,C,0,1.0
62,1.0,0.0,46.0,1.0,0.0,61.175,Southampton,E,1,1.0
63,1.0,1.0,47.0,1.0,0.0,61.175,Southampton,E,0,1.0
64,1.0,1.0,27.0,1.0,0.0,53.1,Southampton,E,1,1.0
65,1.0,1.0,33.0,1.0,0.0,53.1,Southampton,E,0,1.0
66,1.0,1.0,36.0,0.0,0.0,262.375,Cherbourg,B,0,0.0
67,1.0,1.0,30.0,0.0,0.0,86.5,Southampton,B,0,0.0
68,1.0,1.0,45.0,0.0,0.0,29.7,Cherbourg,A,1,0.0
69,1.0,1.0,,0.0,1.0,55.0,Southampton,E,0,1.0
70,1.0,0.0,,0.0,0.0,0.0,Southampton,,1,0.0
71,1.0,0.0,27.0,1.0,0.0,136.7792,Cherbourg,C,1,1.0
72,1.0,1.0,26.0,1.0,0.0,136.7792,Cherbourg,C,0,1.0
73,1.0,1.0,22.0,0.0,0.0,151.55,Southampton,,0,0.0
74,1.0,0.0,,0.0,0.0,52.0,Southampton,A,1,0.0
75,1.0,0.0,47.0,0.0,0.0,25.5875,Southampton,E,1,0.0
76,1.0,1.0,39.0,1.0,1.0,83.1583,Cherbourg,E,0,2.0
77,1.0,0.0,37.0,1.0,1.0,83.1583,Cherbourg,E,1,2.0
78,1.0,1.0,64.0,0.0,2.0,83.1583,Cherbourg,E,0,2.0
79,1.0,1.0,55.0,2.0,0.0,25.7,Southampton,C,0,2.0
80,1.0,0.0,,0.0,0.0,26.55,Southampton,,1,0.0
81,1.0,0.0,70.0,1.0,1.0,71.0,Southampton,B,1,2.0
82,1.0,1.0,36.0,0.0,2.0,71.0,Southampton,B,0,2.0
83,1.0,1.0,64.0,1.0,1.0,26.55,Southampton,B,0,2.0
84,1.0,0.0,39.0,1.0,0.0,71.2833,Cherbourg,C,1,1.0
85,1.0,1.0,38.0,1.0,0.0,71.2833,Cherbourg,C,0,1.0
86,1.0,1.0,51.0,0.0,0.0,26.55,Southampton,E,1,0.0
87,1.0,1.0,27.0,0.0,0.0,30.5,Southampton,,1,0.0
88,1.0,1.0,33.0,0.0,0.0,151.55,Southampton,,0,0.0
89,1.0,0.0,31.0,1.0,0.0,52.0,Southampton,B,1,1.0
90,1.0,1.0,27.0,1.0,2.0,52.0,Southampton,B,0,3.0
91,1.0,1.0,31.0,1.0,0.0,57.0,Southampton,B,1,1.0
92,1.0,1.0,17.0,1.0,0.0,57.0,Southampton,B,0,1.0
93,1.0,1.0,53.0,1.0,1.0,81.8583,Southampton,A,1,2.0
94,1.0,1.0,4.0,0.0,2.0,81.8583,Southampton,A,1,2.0
95,1.0,1.0,54.0,1.0,1.0,81.8583,Southampton,A,0,2.0
96,1.0,0.0,50.0,1.0,0.0,106.425,Cherbourg,C,1,1.0
97,1.0,1.0,27.0,1.0,1.0,247.5208,Cherbourg,B,0,2.0
98,1.0,1.0,48.0,1.0,0.0,106.425,Cherbourg,C,0,1.0
99,1.0,1.0,48.0,1.0,0.0,39.6,Cherbourg,A,0,1.0
100,1.0,1.0,49.0,1.0,0.0,56.9292,Cherbourg,A,1,1.0
101,1.0,0.0,39.0,0.0,0.0,29.7,Cherbourg,A,1,0.0
102,1.0,1.0,23.0,0.0,1.0,83.1583,Cherbourg,C,0,1.0
103,1.0,1.0,38.0,0.0,0.0,227.525,Cherbourg,C,0,0.0
104,1.0,1.0,54.0,1.0,0.0,78.2667,Cherbourg,D,0,1.0
105,1.0,0.0,36.0,0.0,0.0,31.6792,Cherbourg,A,0,0.0
106,1.0,0.0,,0.0,0.0,221.7792,Southampton,C,1,0.0
107,1.0,1.0,,0.0,0.0,31.6833,Southampton,,0,0.0
108,1.0,1.0,,0.0,0.0,110.8833,Cherbourg,,0,0.0
109,1.0,1.0,36.0,0.0,0.0,26.3875,Southampton,E,1,0.0
110,1.0,0.0,30.0,0.0,0.0,27.75,Cherbourg,C,1,0.0
111,1.0,1.0,24.0,3.0,2.0,263.0,Southampton,C,0,5.0
112,1.0,1.0,28.0,3.0,2.0,263.0,Southampton,C,0,5.0
113,1.0,1.0,23.0,3.0,2.0,263.0,Southampton,C,0,5.0
114,1.0,0.0,19.0,3.0,2.0,263.0,Southampton,C,1,5.0
115,1.0,0.0,64.0,1.0,4.0,263.0,Southampton,C,1,5.0
116,1.0,1.0,60.0,1.0,4.0,263.0,Southampton,C,0,5.0
117,1.0,1.0,30.0,0.0,0.0,56.9292,Cherbourg,E,0,0.0
118,1.0,0.0,,0.0,0.0,26.55,Southampton,D,1,0.0
119,1.0,1.0,50.0,2.0,0.0,133.65,Southampton,,1,2.0
120,1.0,1.0,43.0,1.0,0.0,27.7208,Cherbourg,D,1,1.0
121,1.0,1.0,,1.0,0.0,133.65,Southampton,,0,1.0
122,1.0,1.0,22.0,0.0,2.0,49.5,Cherbourg,B,0,2.0
123,1.0,1.0,60.0,1.0,1.0,79.2,Cherbourg,B,1,2.0
124,1.0,1.0,48.0,1.0,1.0,79.2,Cherbourg,B,0,2.0
125,1.0,0.0,,0.0,0.0,0.0,Southampton,B,1,0.0
126,1.0,0.0,37.0,1.0,0.0,53.1,Southampton,C,1,1.0
127,1.0,1.0,35.0,1.0,0.0,53.1,Southampton,C,0,1.0
128,1.0,0.0,47.0,0.0,0.0,38.5,Southampton,E,1,0.0
129,1.0,1.0,35.0,0.0,0.0,211.5,Cherbourg,C,0,0.0
130,1.0,1.0,22.0,0.0,1.0,59.4,Cherbourg,,0,1.0
131,1.0,1.0,45.0,0.0,1.0,59.4,Cherbourg,,0,1.0
132,1.0,0.0,24.0,0.0,0.0,79.2,Cherbourg,B,1,0.0
133,1.0,1.0,49.0,1.0,0.0,89.1042,Cherbourg,C,1,1.0
134,1.0,1.0,,1.0,0.0,89.1042,Cherbourg,C,0,1.0
135,1.0,0.0,71.0,0.0,0.0,34.6542,Cherbourg,A,1,0.0
136,1.0,1.0,53.0,0.0,0.0,28.5,Cherbourg,C,1,0.0
137,1.0,1.0,19.0,0.0,0.0,30.0,Southampton,B,0,0.0
138,1.0,0.0,38.0,0.0,1.0,153.4625,Southampton,C,1,1.0
139,1.0,1.0,58.0,0.0,1.0,153.4625,Southampton,C,0,1.0
140,1.0,1.0,23.0,0.0,1.0,63.3583,Cherbourg,D,1,1.0
141,1.0,1.0,45.0,0.0,1.0,63.3583,Cherbourg,D,0,1.0
142,1.0,0.0,46.0,0.0,0.0,79.2,Cherbourg,B,1,0.0
143,1.0,1.0,25.0,1.0,0.0,55.4417,Cherbourg,E,1,1.0
144,1.0,1.0,25.0,1.0,0.0,55.4417,Cherbourg,E,0,1.0
145,1.0,1.0,48.0,1.0,0.0,76.7292,Cherbourg,D,1,1.0
146,1.0,1.0,49.0,1.0,0.0,76.7292,Cherbourg,D,0,1.0
147,1.0,0.0,,0.0,0.0,42.4,Southampton,,1,0.0
148,1.0,0.0,45.0,1.0,0.0,83.475,Southampton,C,1,1.0
149,1.0,1.0,35.0,1.0,0.0,83.475,Southampton,C,0,1.0
150,1.0,0.0,40.0,0.0,0.0,0.0,Southampton,B,1,0.0
151,1.0,1.0,27.0,0.0,0.0,76.7292,Cherbourg,D,1,0.0
152,1.0,1.0,,0.0,0.0,30.0,Southampton,D,1,0.0
153,1.0,1.0,24.0,0.0,0.0,83.1583,Cherbourg,C,0,0.0
154,1.0,0.0,55.0,1.0,1.0,93.5,Southampton,B,1,2.0
155,1.0,1.0,52.0,1.0,1.0,93.5,Southampton,B,0,2.0
156,1.0,0.0,42.0,0.0,0.0,42.5,Southampton,B,1,0.0
157,1.0,0.0,,0.0,0.0,51.8625,Southampton,E,1,0.0
158,1.0,0.0,55.0,0.0,0.0,50.0,Southampton,C,1,0.0
159,1.0,1.0,16.0,0.0,1.0,57.9792,Cherbourg,B,0,1.0
160,1.0,1.0,44.0,0.0,1.0,57.9792,Cherbourg,B,0,1.0
161,1.0,1.0,51.0,1.0,0.0,77.9583,Southampton,D,0,1.0
162,1.0,0.0,42.0,1.0,0.0,52.0,Southampton,,1,1.0
163,1.0,1.0,35.0,1.0,0.0,52.0,Southampton,,0,1.0
164,1.0,1.0,35.0,0.0,0.0,26.55,Cherbourg,,1,0.0
165,1.0,1.0,38.0,1.0,0.0,90.0,Southampton,C,1,1.0
166,1.0,0.0,,0.0,0.0,30.6958,Cherbourg,,1,0.0
167,1.0,1.0,35.0,1.0,0.0,90.0,Southampton,C,0,1.0
168,1.0,1.0,38.0,0.0,0.0,80.0,Unknown,B,0,0.0
169,1.0,0.0,50.0,0.0,0.0,28.7125,Cherbourg,C,0,0.0
170,1.0,1.0,49.0,0.0,0.0,0.0,Southampton,B,1,0.0
171,1.0,0.0,46.0,0.0,0.0,26.0,Southampton,,1,0.0
172,1.0,0.0,50.0,0.0,0.0,26.0,Southampton,E,1,0.0
173,1.0,0.0,32.5,0.0,0.0,211.5,Cherbourg,C,1,0.0
174,1.0,0.0,58.0,0.0,0.0,29.7,Cherbourg,B,1,0.0
175,1.0,0.0,41.0,1.0,0.0,51.8625,Southampton,D,1,1.0
176,1.0,1.0,,1.0,0.0,51.8625,Southampton,D,0,1.0
177,1.0,1.0,42.0,1.0,0.0,52.5542,Southampton,D,1,1.0
178,1.0,1.0,45.0,1.0,0.0,52.5542,Southampton,D,0,1.0
179,1.0,0.0,,0.0,0.0,26.55,Southampton,C,1,0.0
180,1.0,1.0,39.0,0.0,0.0,211.3375,Southampton,,0,0.0
181,1.0,1.0,49.0,0.0,0.0,25.9292,Southampton,D,0,0.0
182,1.0,1.0,30.0,0.0,0.0,106.425,Cherbourg,,0,0.0
183,1.0,1.0,35.0,0.0,0.0,512.3292,Cherbourg,B,1,0.0
184,1.0,0.0,,0.0,0.0,27.7208,Cherbourg,,1,0.0
185,1.0,0.0,42.0,0.0,0.0,26.55,Southampton,,1,0.0
186,1.0,1.0,55.0,0.0,0.0,27.7208,Cherbourg,,0,0.0
187,1.0,1.0,16.0,0.0,1.0,39.4,Southampton,D,0,1.0
188,1.0,1.0,51.0,0.0,1.0,39.4,Southampton,D,0,1.0
189,1.0,0.0,29.0,0.0,0.0,30.0,Southampton,D,1,0.0
190,1.0,1.0,21.0,0.0,0.0,77.9583,Southampton,D,0,0.0
191,1.0,0.0,30.0,0.0,0.0,45.5,Southampton,,1,0.0
192,1.0,1.0,58.0,0.0,0.0,146.5208,Cherbourg,B,0,0.0
193,1.0,1.0,15.0,0.0,1.0,211.3375,Southampton,B,0,1.0
194,1.0,0.0,30.0,0.0,0.0,26.0,Southampton,C,1,0.0
195,1.0,1.0,16.0,0.0,0.0,86.5,Southampton,B,0,0.0
196,1.0,1.0,,0.0,0.0,29.7,Cherbourg,C,1,0.0
197,1.0,0.0,19.0,1.0,0.0,53.1,Southampton,D,1,1.0
198,1.0,1.0,18.0,1.0,0.0,53.1,Southampton,D,0,1.0
199,1.0,1.0,24.0,0.0,0.0,49.5042,Cherbourg,C,0,0.0
200,1.0,0.0,46.0,0.0,0.0,75.2417,Cherbourg,C,1,0.0
201,1.0,0.0,54.0,0.0,0.0,51.8625,Southampton,E,1,0.0
202,1.0,1.0,36.0,0.0,0.0,26.2875,Southampton,E,1,0.0
203,1.0,0.0,28.0,1.0,0.0,82.1708,Cherbourg,,1,1.0
204,1.0,1.0,,1.0,0.0,82.1708,Cherbourg,,0,1.0
205,1.0,0.0,65.0,0.0,0.0,26.55,Southampton,E,1,0.0
206,1.0,0.0,44.0,2.0,0.0,90.0,Queenstown,C,1,2.0
207,1.0,1.0,33.0,1.0,0.0,90.0,Queenstown,C,0,1.0
208,1.0,1.0,37.0,1.0,0.0,90.0,Queenstown,C,0,1.0
209,1.0,1.0,30.0,1.0,0.0,57.75,Cherbourg,C,1,1.0
210,1.0,0.0,55.0,0.0,0.0,30.5,Southampton,C,1,0.0
211,1.0,0.0,47.0,0.0,0.0,42.4,Southampton,,1,0.0
212,1.0,0.0,37.0,0.0,1.0,29.7,Cherbourg,C,1,1.0
213,1.0,1.0,31.0,1.0,0.0,113.275,Cherbourg,D,0,1.0
214,1.0,1.0,23.0,1.0,0.0,113.275,Cherbourg,D,0,1.0
215,1.0,0.0,58.0,0.0,2.0,113.275,Cherbourg,D,1,2.0
216,1.0,1.0,19.0,0.0,2.0,26.2833,Southampton,D,0,2.0
217,1.0,0.0,64.0,0.0,0.0,26.0,Southampton,,1,0.0
218,1.0,1.0,39.0,0.0,0.0,108.9,Cherbourg,C,0,0.0
219,1.0,1.0,,0.0,0.0,25.7417,Cherbourg,,1,0.0
220,1.0,1.0,22.0,0.0,1.0,61.9792,Cherbourg,B,0,1.0
221,1.0,0.0,65.0,0.0,1.0,61.9792,Cherbourg,B,1,1.0
222,1.0,0.0,28.5,0.0,0.0,27.7208,Cherbourg,D,1,0.0
223,1.0,0.0,,0.0,0.0,0.0,Southampton,,1,0.0
224,1.0,0.0,45.5,0.0,0.0,28.5,Southampton,C,1,0.0
225,1.0,0.0,23.0,0.0,0.0,93.5,Southampton,B,1,0.0
226,1.0,0.0,29.0,1.0,0.0,66.6,Southampton,C,1,1.0
227,1.0,1.0,22.0,1.0,0.0,66.6,Southampton,C,0,1.0
228,1.0,0.0,18.0,1.0,0.0,108.9,Cherbourg,C,1,1.0
229,1.0,1.0,17.0,1.0,0.0,108.9,Cherbourg,C,0,1.0
230,1.0,1.0,30.0,0.0,0.0,93.5,Southampton,B,0,0.0
231,1.0,1.0,52.0,0.0,0.0,30.5,Southampton,C,1,0.0
232,1.0,0.0,47.0,0.0,0.0,52.0,Southampton,C,1,0.0
233,1.0,1.0,56.0,0.0,1.0,83.1583,Cherbourg,C,0,1.0
234,1.0,0.0,38.0,0.0,0.0,0.0,Southampton,,1,0.0
235,1.0,1.0,,0.0,0.0,39.6,Southampton,,1,0.0
236,1.0,0.0,22.0,0.0,0.0,135.6333,Cherbourg,,1,0.0
237,1.0,0.0,,0.0,0.0,227.525,Cherbourg,,1,0.0
238,1.0,1.0,43.0,0.0,1.0,211.3375,Southampton,B,0,1.0
239,1.0,0.0,31.0,0.0,0.0,50.4958,Southampton,A,1,0.0
240,1.0,1.0,45.0,0.0,0.0,26.55,Southampton,,1,0.0
241,1.0,0.0,,0.0,0.0,50.0,Southampton,A,1,0.0
242,1.0,1.0,33.0,0.0,0.0,27.7208,Cherbourg,A,0,0.0
243,1.0,0.0,46.0,0.0,0.0,79.2,Cherbourg,,1,0.0
244,1.0,0.0,36.0,0.0,0.0,40.125,Cherbourg,A,1,0.0
245,1.0,1.0,33.0,0.0,0.0,86.5,Southampton,B,0,0.0
246,1.0,0.0,55.0,1.0,0.0,59.4,Cherbourg,,1,1.0
247,1.0,1.0,54.0,1.0,0.0,59.4,Cherbourg,,0,1.0
248,1.0,0.0,33.0,0.0,0.0,26.55,Southampton,,1,0.0
249,1.0,1.0,13.0,2.0,2.0,262.375,Cherbourg,B,1,4.0
250,1.0,1.0,18.0,2.0,2.0,262.375,Cherbourg,B,0,4.0
251,1.0,1.0,21.0,2.0,2.0,262.375,Cherbourg,B,0,4.0
252,1.0,0.0,61.0,1.0,3.0,262.375,Cherbourg,B,1,4.0
253,1.0,1.0,48.0,1.0,3.0,262.375,Cherbourg,B,0,4.0
254,1.0,1.0,,0.0,0.0,30.5,Southampton,C,1,0.0
255,1.0,1.0,24.0,0.0,0.0,69.3,Cherbourg,B,0,0.0
256,1.0,1.0,,0.0,0.0,26.0,Southampton,,1,0.0
257,1.0,1.0,35.0,1.0,0.0,57.75,Cherbourg,C,0,1.0
258,1.0,1.0,30.0,0.0,0.0,31.0,Cherbourg,,0,0.0
259,1.0,1.0,34.0,0.0,0.0,26.55,Southampton,,1,0.0
260,1.0,1.0,40.0,0.0,0.0,153.4625,Southampton,C,0,0.0
261,1.0,1.0,35.0,0.0,0.0,26.2875,Southampton,E,1,0.0
262,1.0,0.0,50.0,1.0,0.0,55.9,Southampton,E,1,1.0
263,1.0,1.0,39.0,1.0,0.0,55.9,Southampton,E,0,1.0
264,1.0,1.0,56.0,0.0,0.0,35.5,Cherbourg,A,1,0.0
265,1.0,1.0,28.0,0.0,0.0,35.5,Southampton,A,1,0.0
266,1.0,0.0,56.0,0.0,0.0,26.55,Southampton,,1,0.0
267,1.0,0.0,56.0,0.0,0.0,30.6958,Cherbourg,A,1,0.0
268,1.0,0.0,24.0,1.0,0.0,60.0,Southampton,C,1,1.0
269,1.0,0.0,,0.0,0.0,26.0,Southampton,A,1,0.0
270,1.0,1.0,18.0,1.0,0.0,60.0,Southampton,C,0,1.0
271,1.0,1.0,24.0,1.0,0.0,82.2667,Southampton,B,1,1.0
272,1.0,1.0,23.0,1.0,0.0,82.2667,Southampton,B,0,1.0
273,1.0,1.0,6.0,0.0,2.0,134.5,Cherbourg,E,1,2.0
274,1.0,1.0,45.0,1.0,1.0,134.5,Cherbourg,E,1,2.0
275,1.0,1.0,40.0,1.0,1.0,134.5,Cherbourg,E,0,2.0
276,1.0,0.0,57.0,1.0,0.0,146.5208,Cherbourg,B,1,1.0
277,1.0,1.0,,1.0,0.0,146.5208,Cherbourg,B,0,1.0
278,1.0,1.0,32.0,0.0,0.0,30.5,Cherbourg,B,1,0.0
279,1.0,0.0,62.0,0.0,0.0,26.55,Southampton,C,1,0.0
280,1.0,1.0,54.0,1.0,0.0,55.4417,Cherbourg,C,1,1.0
281,1.0,1.0,43.0,1.0,0.0,55.4417,Cherbourg,C,0,1.0
282,1.0,1.0,52.0,1.0,0.0,78.2667,Cherbourg,D,0,1.0
283,1.0,0.0,,0.0,0.0,27.7208,Cherbourg,,1,0.0
284,1.0,1.0,62.0,0.0,0.0,80.0,Unknown,B,0,0.0
285,1.0,0.0,67.0,1.0,0.0,221.7792,Southampton,C,1,1.0
286,1.0,0.0,63.0,1.0,0.0,221.7792,Southampton,C,0,1.0
287,1.0,0.0,61.0,0.0,0.0,32.3208,Southampton,D,1,0.0
288,1.0,1.0,48.0,0.0,0.0,25.9292,Southampton,D,0,0.0
289,1.0,1.0,18.0,0.0,2.0,79.65,Southampton,E,0,2.0
290,1.0,0.0,52.0,1.0,1.0,79.65,Southampton,E,1,2.0
291,1.0,1.0,39.0,1.0,1.0,79.65,Southampton,E,0,2.0
292,1.0,1.0,48.0,1.0,0.0,52.0,Southampton,C,1,1.0
293,1.0,1.0,,1.0,0.0,52.0,Southampton,C,0,1.0
294,1.0,0.0,49.0,1.0,1.0,110.8833,Cherbourg,C,1,2.0
295,1.0,1.0,17.0,0.0,2.0,110.8833,Cherbourg,C,1,2.0
296,1.0,1.0,39.0,1.0,1.0,110.8833,Cherbourg,C,0,2.0
297,1.0,1.0,,0.0,0.0,79.2,Cherbourg,,0,0.0
298,1.0,1.0,31.0,0.0,0.0,28.5375,Cherbourg,C,1,0.0
299,1.0,0.0,40.0,0.0,0.0,27.7208,Cherbourg,,1,0.0
300,1.0,0.0,61.0,0.0,0.0,33.5,Southampton,B,1,0.0
301,1.0,0.0,47.0,0.0,0.0,34.0208,Southampton,D,1,0.0
302,1.0,1.0,35.0,0.0,0.0,512.3292,Cherbourg,,0,0.0
303,1.0,0.0,64.0,1.0,0.0,75.25,Cherbourg,D,1,1.0
304,1.0,1.0,60.0,1.0,0.0,75.25,Cherbourg,D,0,1.0
305,1.0,0.0,60.0,0.0,0.0,26.55,Southampton,,1,0.0
306,1.0,0.0,54.0,0.0,1.0,77.2875,Southampton,D,1,1.0
307,1.0,0.0,21.0,0.0,1.0,77.2875,Southampton,D,1,1.0
308,1.0,1.0,55.0,0.0,0.0,135.6333,Cherbourg,C,0,0.0
309,1.0,1.0,31.0,0.0,2.0,164.8667,Southampton,C,0,2.0
310,1.0,0.0,57.0,1.0,1.0,164.8667,Southampton,,1,2.0
311,1.0,1.0,45.0,1.0,1.0,164.8667,Southampton,,0,2.0
312,1.0,0.0,50.0,1.0,1.0,211.5,Cherbourg,C,1,2.0
313,1.0,0.0,27.0,0.0,2.0,211.5,Cherbourg,C,1,2.0
314,1.0,1.0,50.0,1.0,1.0,211.5,Cherbourg,C,0,2.0
315,1.0,1.0,21.0,0.0,0.0,26.55,Southampton,,0,0.0
316,1.0,0.0,51.0,0.0,1.0,61.3792,Cherbourg,,1,1.0
317,1.0,1.0,21.0,0.0,1.0,61.3792,Cherbourg,,1,1.0
318,1.0,0.0,,0.0,0.0,35.0,Southampton,C,1,0.0
319,1.0,1.0,31.0,0.0,0.0,134.5,Cherbourg,E,0,0.0
320,1.0,1.0,,0.0,0.0,35.5,Southampton,C,1,0.0
321,1.0,0.0,62.0,0.0,0.0,26.55,Southampton,,1,0.0
322,1.0,1.0,36.0,0.0,0.0,135.6333,Cherbourg,C,0,0.0
323,2.0,0.0,30.0,1.0,0.0,24.0,Cherbourg,,1,1.0
324,2.0,1.0,28.0,1.0,0.0,24.0,Cherbourg,,0,1.0
325,2.0,0.0,30.0,0.0,0.0,13.0,Southampton,,1,0.0
326,2.0,0.0,18.0,0.0,0.0,11.5,Southampton,,1,0.0
327,2.0,0.0,25.0,0.0,0.0,10.5,Southampton,,1,0.0
328,2.0,0.0,34.0,1.0,0.0,26.0,Southampton,,1,1.0
329,2.0,1.0,36.0,1.0,0.0,26.0,Southampton,,0,1.0
330,2.0,0.0,57.0,0.0,0.0,13.0,Southampton,,1,0.0
331,2.0,0.0,18.0,0.0,0.0,11.5,Southampton,,1,0.0
332,2.0,0.0,23.0,0.0,0.0,10.5,Southampton,,1,0.0
333,2.0,1.0,36.0,0.0,0.0,13.0,Southampton,D,0,0.0
334,2.0,0.0,28.0,0.0,0.0,10.5,Southampton,,1,0.0
335,2.0,0.0,51.0,0.0,0.0,12.525,Southampton,,1,0.0
336,2.0,1.0,32.0,1.0,0.0,26.0,Southampton,,1,1.0
337,2.0,1.0,19.0,1.0,0.0,26.0,Southampton,,0,1.0
338,2.0,0.0,28.0,0.0,0.0,26.0,Southampton,,1,0.0
339,2.0,1.0,1.0,2.0,1.0,39.0,Southampton,F,1,3.0
340,2.0,1.0,4.0,2.0,1.0,39.0,Southampton,F,0,3.0
341,2.0,1.0,12.0,2.0,1.0,39.0,Southampton,F,0,3.0
342,2.0,1.0,36.0,0.0,3.0,39.0,Southampton,F,0,3.0
343,2.0,1.0,34.0,0.0,0.0,13.0,Southampton,D,1,0.0
344,2.0,1.0,19.0,0.0,0.0,13.0,Southampton,,0,0.0
345,2.0,0.0,23.0,0.0,0.0,13.0,Southampton,,1,0.0
346,2.0,0.0,26.0,0.0,0.0,13.0,Southampton,,1,0.0
347,2.0,0.0,42.0,0.0,0.0,13.0,Southampton,,1,0.0
348,2.0,0.0,27.0,0.0,0.0,13.0,Southampton,,1,0.0
349,2.0,1.0,24.0,0.0,0.0,13.0,Southampton,F,0,0.0
350,2.0,1.0,15.0,0.0,2.0,39.0,Southampton,,0,2.0
351,2.0,0.0,60.0,1.0,1.0,39.0,Southampton,,1,2.0
352,2.0,1.0,40.0,1.0,1.0,39.0,Southampton,,0,2.0
353,2.0,1.0,20.0,1.0,0.0,26.0,Southampton,,0,1.0
354,2.0,0.0,25.0,1.0,0.0,26.0,Southampton,,1,1.0
355,2.0,1.0,36.0,0.0,0.0,13.0,Southampton,,0,0.0
356,2.0,0.0,25.0,0.0,0.0,13.0,Southampton,,1,0.0
357,2.0,0.0,42.0,0.0,0.0,13.0,Southampton,,1,0.0
358,2.0,1.0,42.0,0.0,0.0,13.0,Southampton,,0,0.0
359,2.0,1.0,0.8333,0.0,2.0,29.0,Southampton,,1,2.0
360,2.0,1.0,26.0,1.0,1.0,29.0,Southampton,,1,2.0
361,2.0,1.0,22.0,1.0,1.0,29.0,Southampton,,0,2.0
362,2.0,1.0,35.0,0.0,0.0,21.0,Southampton,,0,0.0
363,2.0,0.0,,0.0,0.0,0.0,Southampton,,1,0.0
364,2.0,0.0,19.0,0.0,0.0,13.0,Southampton,,1,0.0
365,2.0,0.0,44.0,1.0,0.0,26.0,Southampton,,0,1.0
366,2.0,0.0,54.0,1.0,0.0,26.0,Southampton,,1,1.0
367,2.0,0.0,52.0,0.0,0.0,13.5,Southampton,,1,0.0
368,2.0,0.0,37.0,1.0,0.0,26.0,Southampton,,1,1.0
369,2.0,0.0,29.0,1.0,0.0,26.0,Southampton,,0,1.0
370,2.0,1.0,25.0,1.0,1.0,30.0,Southampton,,0,2.0
371,2.0,1.0,45.0,0.0,2.0,30.0,Southampton,,0,2.0
372,2.0,0.0,29.0,1.0,0.0,26.0,Southampton,,1,1.0
373,2.0,1.0,28.0,1.0,0.0,26.0,Southampton,,0,1.0
374,2.0,0.0,29.0,0.0,0.0,10.5,Southampton,,1,0.0
375,2.0,0.0,28.0,0.0,0.0,13.0,Southampton,,1,0.0
376,2.0,1.0,24.0,0.0,0.0,10.5,Southampton,,1,0.0
377,2.0,1.0,8.0,0.0,2.0,26.25,Southampton,,0,2.0
378,2.0,0.0,31.0,1.0,1.0,26.25,Southampton,,1,2.0
379,2.0,1.0,31.0,1.0,1.0,26.25,Southampton,,0,2.0
380,2.0,1.0,22.0,0.0,0.0,10.5,Southampton,F,0,0.0
381,2.0,0.0,30.0,0.0,0.0,13.0,Southampton,,0,0.0
382,2.0,0.0,,0.0,0.0,21.0,Southampton,,0,0.0
383,2.0,0.0,21.0,0.0,0.0,11.5,Southampton,,1,0.0
384,2.0,0.0,,0.0,0.0,0.0,Southampton,,1,0.0
385,2.0,1.0,8.0,1.0,1.0,36.75,Southampton,,1,2.0
386,2.0,0.0,18.0,0.0,0.0,73.5,Southampton,,1,0.0
387,2.0,1.0,48.0,0.0,2.0,36.75,Southampton,,0,2.0
388,2.0,1.0,28.0,0.0,0.0,13.0,Southampton,,0,0.0
389,2.0,0.0,32.0,0.0,0.0,13.0,Southampton,,1,0.0
390,2.0,0.0,17.0,0.0,0.0,73.5,Southampton,,1,0.0
391,2.0,0.0,29.0,1.0,0.0,27.7208,Cherbourg,,1,1.0
392,2.0,1.0,24.0,1.0,0.0,27.7208,Cherbourg,,0,1.0
393,2.0,0.0,25.0,0.0,0.0,31.5,Southampton,,1,0.0
394,2.0,0.0,18.0,0.0,0.0,73.5,Southampton,,1,0.0
395,2.0,1.0,18.0,0.0,1.0,23.0,Southampton,,0,1.0
396,2.0,1.0,34.0,0.0,1.0,23.0,Southampton,,0,1.0
397,2.0,0.0,54.0,0.0,0.0,26.0,Southampton,,1,0.0
398,2.0,1.0,8.0,0.0,2.0,32.5,Southampton,,1,2.0
399,2.0,0.0,42.0,1.0,1.0,32.5,Southampton,,1,2.0
400,2.0,1.0,34.0,1.0,1.0,32.5,Southampton,,0,2.0
401,2.0,1.0,27.0,1.0,0.0,13.8583,Cherbourg,,0,1.0
402,2.0,1.0,30.0,1.0,0.0,13.8583,Cherbourg,,0,1.0
403,2.0,0.0,23.0,0.0,0.0,13.0,Southampton,,1,0.0
404,2.0,0.0,21.0,0.0,0.0,13.0,Southampton,,1,0.0
405,2.0,0.0,18.0,0.0,0.0,13.0,Southampton,,1,0.0
406,2.0,0.0,40.0,1.0,0.0,26.0,Southampton,,1,1.0
407,2.0,1.0,29.0,1.0,0.0,26.0,Southampton,,0,1.0
408,2.0,0.0,18.0,0.0,0.0,10.5,Southampton,,1,0.0
409,2.0,0.0,36.0,0.0,0.0,13.0,Southampton,,1,0.0
410,2.0,0.0,,0.0,0.0,0.0,Southampton,,1,0.0
411,2.0,0.0,38.0,0.0,0.0,13.0,Southampton,,0,0.0
412,2.0,0.0,35.0,0.0,0.0,26.0,Southampton,,1,0.0
413,2.0,0.0,38.0,1.0,0.0,21.0,Southampton,,1,1.0
414,2.0,0.0,34.0,1.0,0.0,21.0,Southampton,,1,1.0
415,2.0,1.0,34.0,0.0,0.0,13.0,Southampton,,0,0.0
416,2.0,0.0,16.0,0.0,0.0,26.0,Southampton,,1,0.0
417,2.0,0.0,26.0,0.0,0.0,10.5,Southampton,,1,0.0
418,2.0,0.0,47.0,0.0,0.0,10.5,Southampton,,1,0.0
419,2.0,0.0,21.0,1.0,0.0,11.5,Southampton,,1,1.0
420,2.0,0.0,21.0,1.0,0.0,11.5,Southampton,,1,1.0
421,2.0,0.0,24.0,0.0,0.0,13.5,Southampton,,1,0.0
422,2.0,0.0,24.0,0.0,0.0,13.0,Southampton,,1,0.0
423,2.0,0.0,34.0,0.0,0.0,13.0,Southampton,,1,0.0
424,2.0,0.0,30.0,0.0,0.0,13.0,Southampton,,1,0.0
425,2.0,0.0,52.0,0.0,0.0,13.0,Southampton,,1,0.0
426,2.0,0.0,30.0,0.0,0.0,13.0,Southampton,,1,0.0
427,2.0,1.0,0.6667,1.0,1.0,14.5,Southampton,,1,2.0
428,2.0,1.0,24.0,0.0,2.0,14.5,Southampton,,0,2.0
429,2.0,0.0,44.0,0.0,0.0,13.0,Southampton,,1,0.0
430,2.0,1.0,6.0,0.0,1.0,33.0,Southampton,,0,1.0
431,2.0,0.0,28.0,0.0,1.0,33.0,Southampton,,1,1.0
432,2.0,1.0,62.0,0.0,0.0,10.5,Southampton,,1,0.0
433,2.0,0.0,30.0,0.0,0.0,10.5,Southampton,,1,0.0
434,2.0,1.0,7.0,0.0,2.0,26.25,Southampton,,0,2.0
435,2.0,0.0,43.0,1.0,1.0,26.25,Southampton,,1,2.0
436,2.0,1.0,45.0,1.0,1.0,26.25,Southampton,,0,2.0
437,2.0,1.0,24.0,1.0,2.0,65.0,Southampton,,0,3.0
438,2.0,1.0,24.0,1.0,2.0,65.0,Southampton,,0,3.0
439,2.0,0.0,49.0,1.0,2.0,65.0,Southampton,,1,3.0
440,2.0,1.0,48.0,1.0,2.0,65.0,Southampton,,0,3.0
441,2.0,1.0,55.0,0.0,0.0,16.0,Southampton,,0,0.0
442,2.0,0.0,24.0,2.0,0.0,73.5,Southampton,,1,2.0
443,2.0,0.0,32.0,2.0,0.0,73.5,Southampton,,1,2.0
444,2.0,0.0,21.0,2.0,0.0,73.5,Southampton,,1,2.0
445,2.0,0.0,18.0,1.0,1.0,13.0,Southampton,,0,2.0
446,2.0,1.0,20.0,2.0,1.0,23.0,Southampton,,0,3.0
447,2.0,0.0,23.0,2.0,1.0,11.5,Southampton,,1,3.0
448,2.0,0.0,36.0,0.0,0.0,13.0,Southampton,,1,0.0
449,2.0,1.0,54.0,1.0,3.0,23.0,Southampton,,0,4.0
450,2.0,0.0,50.0,0.0,0.0,13.0,Southampton,,1,0.0
451,2.0,0.0,44.0,1.0,0.0,26.0,Southampton,,1,1.0
452,2.0,1.0,29.0,1.0,0.0,26.0,Southampton,,0,1.0
453,2.0,0.0,21.0,0.0,0.0,73.5,Southampton,,1,0.0
454,2.0,1.0,42.0,0.0,0.0,13.0,Southampton,,1,0.0
455,2.0,0.0,63.0,1.0,0.0,26.0,Southampton,,1,1.0
456,2.0,0.0,60.0,1.0,0.0,26.0,Southampton,,0,1.0
457,2.0,0.0,33.0,0.0,0.0,12.275,Southampton,,1,0.0
458,2.0,1.0,17.0,0.0,0.0,10.5,Southampton,,0,0.0
459,2.0,0.0,42.0,1.0,0.0,27.0,Southampton,,1,1.0
460,2.0,1.0,24.0,2.0,1.0,27.0,Southampton,,0,3.0
461,2.0,0.0,47.0,0.0,0.0,15.0,Southampton,,1,0.0
462,2.0,0.0,24.0,2.0,0.0,31.5,Southampton,,1,2.0
463,2.0,0.0,22.0,2.0,0.0,31.5,Southampton,,1,2.0
464,2.0,0.0,32.0,0.0,0.0,10.5,Southampton,,1,0.0
465,2.0,1.0,23.0,0.0,0.0,13.7917,Cherbourg,D,0,0.0
466,2.0,0.0,34.0,1.0,0.0,26.0,Southampton,,1,1.0
467,2.0,1.0,24.0,1.0,0.0,26.0,Southampton,,0,1.0
468,2.0,0.0,22.0,0.0,0.0,21.0,Southampton,,0,0.0
469,2.0,1.0,,0.0,0.0,12.35,Queenstown,E,0,0.0
470,2.0,0.0,35.0,0.0,0.0,12.35,Queenstown,,1,0.0
471,2.0,1.0,45.0,0.0,0.0,13.5,Southampton,,0,0.0
472,2.0,0.0,57.0,0.0,0.0,12.35,Queenstown,,1,0.0
473,2.0,0.0,,0.0,0.0,0.0,Southampton,,1,0.0
474,2.0,0.0,31.0,0.0,0.0,10.5,Southampton,,1,0.0
475,2.0,0.0,26.0,1.0,1.0,26.0,Southampton,,0,2.0
476,2.0,0.0,30.0,1.0,1.0,26.0,Southampton,,1,2.0
477,2.0,0.0,,0.0,0.0,10.7083,Queenstown,,1,0.0
478,2.0,1.0,1.0,1.0,2.0,41.5792,Cherbourg,,0,3.0
479,2.0,1.0,3.0,1.0,2.0,41.5792,Cherbourg,,0,3.0
480,2.0,0.0,25.0,1.0,2.0,41.5792,Cherbourg,,1,3.0
481,2.0,1.0,22.0,1.0,2.0,41.5792,Cherbourg,,0,3.0
482,2.0,1.0,17.0,0.0,0.0,12.0,Cherbourg,,0,0.0
483,2.0,1.0,,0.0,0.0,33.0,Southampton,,0,0.0
484,2.0,1.0,34.0,0.0,0.0,10.5,Southampton,F,0,0.0
485,2.0,0.0,36.0,0.0,0.0,12.875,Cherbourg,D,1,0.0
486,2.0,0.0,24.0,0.0,0.0,10.5,Southampton,,1,0.0
487,2.0,0.0,61.0,0.0,0.0,12.35,Queenstown,,1,0.0
488,2.0,0.0,50.0,1.0,0.0,26.0,Southampton,,1,1.0
489,2.0,1.0,42.0,1.0,0.0,26.0,Southampton,,0,1.0
490,2.0,0.0,57.0,0.0,0.0,10.5,Southampton,E,0,0.0
491,2.0,0.0,,0.0,0.0,15.0458,Cherbourg,D,1,0.0
492,2.0,1.0,1.0,0.0,2.0,37.0042,Cherbourg,,1,2.0
493,2.0,0.0,31.0,1.0,1.0,37.0042,Cherbourg,,1,2.0
494,2.0,1.0,24.0,1.0,1.0,37.0042,Cherbourg,,0,2.0
495,2.0,0.0,,0.0,0.0,15.5792,Cherbourg,,1,0.0
496,2.0,0.0,30.0,0.0,0.0,13.0,Southampton,,1,0.0
497,2.0,0.0,40.0,0.0,0.0,16.0,Southampton,,1,0.0
498,2.0,0.0,32.0,0.0,0.0,13.5,Southampton,,1,0.0
499,2.0,0.0,30.0,0.0,0.0,13.0,Southampton,,1,0.0
500,2.0,0.0,46.0,0.0,0.0,26.0,Southampton,,1,0.0
501,2.0,1.0,13.0,0.0,1.0,19.5,Southampton,,0,1.0
502,2.0,1.0,41.0,0.0,1.0,19.5,Southampton,,0,1.0
503,2.0,1.0,19.0,0.0,0.0,10.5,Southampton,,1,0.0
504,2.0,0.0,39.0,0.0,0.0,13.0,Southampton,,1,0.0
505,2.0,0.0,48.0,0.0,0.0,13.0,Southampton,,1,0.0
506,2.0,0.0,70.0,0.0,0.0,10.5,Southampton,,1,0.0
507,2.0,0.0,27.0,0.0,0.0,13.0,Southampton,,1,0.0
508,2.0,0.0,54.0,0.0,0.0,14.0,Southampton,,1,0.0
509,2.0,0.0,39.0,0.0,0.0,26.0,Southampton,,1,0.0
510,2.0,0.0,16.0,0.0,0.0,10.5,Southampton,,1,0.0
511,2.0,0.0,62.0,0.0,0.0,9.6875,Queenstown,,1,0.0
512,2.0,0.0,32.5,1.0,0.0,30.0708,Cherbourg,,1,1.0
513,2.0,1.0,14.0,1.0,0.0,30.0708,Cherbourg,,0,1.0
514,2.0,1.0,2.0,1.0,1.0,26.0,Southampton,F,1,2.0
515,2.0,1.0,3.0,1.0,1.0,26.0,Southampton,F,1,2.0
516,2.0,0.0,36.5,0.0,2.0,26.0,Southampton,F,1,2.0
517,2.0,0.0,26.0,0.0,0.0,13.0,Southampton,F,1,0.0
518,2.0,0.0,19.0,1.0,1.0,36.75,Southampton,,1,2.0
519,2.0,0.0,28.0,0.0,0.0,13.5,Southampton,,1,0.0
520,2.0,1.0,20.0,0.0,0.0,13.8625,Cherbourg,D,1,0.0
521,2.0,1.0,29.0,0.0,0.0,10.5,Southampton,F,0,0.0
522,2.0,0.0,39.0,0.0,0.0,13.0,Southampton,,1,0.0
523,2.0,1.0,22.0,0.0,0.0,10.5,Southampton,,1,0.0
524,2.0,1.0,,0.0,0.0,13.8625,Cherbourg,,1,0.0
525,2.0,0.0,23.0,0.0,0.0,10.5,Southampton,,1,0.0
526,2.0,1.0,29.0,0.0,0.0,13.8583,Cherbourg,,1,0.0
527,2.0,0.0,28.0,0.0,0.0,10.5,Southampton,,1,0.0
528,2.0,0.0,,0.0,0.0,0.0,Southampton,,1,0.0
529,2.0,1.0,50.0,0.0,1.0,26.0,Southampton,,0,1.0
530,2.0,0.0,19.0,0.0,0.0,10.5,Southampton,,1,0.0
531,2.0,0.0,,0.0,0.0,15.05,Cherbourg,,1,0.0
532,2.0,0.0,41.0,0.0,0.0,13.0,Southampton,,1,0.0
533,2.0,1.0,21.0,0.0,1.0,21.0,Southampton,,0,1.0
534,2.0,1.0,19.0,0.0,0.0,26.0,Southampton,,0,0.0
535,2.0,0.0,43.0,0.0,1.0,21.0,Southampton,,1,1.0
536,2.0,1.0,32.0,0.0,0.0,13.0,Southampton,,0,0.0
537,2.0,0.0,34.0,0.0,0.0,13.0,Southampton,,1,0.0
538,2.0,1.0,30.0,0.0,0.0,12.7375,Cherbourg,,1,0.0
539,2.0,0.0,27.0,0.0,0.0,15.0333,Cherbourg,,1,0.0
540,2.0,1.0,2.0,1.0,1.0,26.0,Southampton,,0,2.0
541,2.0,1.0,8.0,1.0,1.0,26.0,Southampton,,0,2.0
542,2.0,1.0,33.0,0.0,2.0,26.0,Southampton,,0,2.0
543,2.0,0.0,36.0,0.0,0.0,10.5,Southampton,,1,0.0
544,2.0,0.0,34.0,1.0,0.0,21.0,Southampton,,1,1.0
545,2.0,1.0,30.0,3.0,0.0,21.0,Southampton,,0,3.0
546,2.0,1.0,28.0,0.0,0.0,13.0,Southampton,,0,0.0
547,2.0,0.0,23.0,0.0,0.0,15.0458,Cherbourg,,1,0.0
548,2.0,1.0,0.8333,1.0,1.0,18.75,Southampton,,1,2.0
549,2.0,1.0,3.0,1.0,1.0,18.75,Southampton,,1,2.0
550,2.0,1.0,24.0,2.0,3.0,18.75,Southampton,,0,5.0
551,2.0,1.0,50.0,0.0,0.0,10.5,Southampton,,0,0.0
552,2.0,0.0,19.0,0.0,0.0,10.5,Southampton,,1,0.0
553,2.0,1.0,21.0,0.0,0.0,10.5,Southampton,,0,0.0
554,2.0,0.0,26.0,0.0,0.0,13.0,Southampton,,1,0.0
555,2.0,0.0,25.0,0.0,0.0,13.0,Southampton,,1,0.0
556,2.0,0.0,27.0,0.0,0.0,26.0,Southampton,,1,0.0
557,2.0,1.0,25.0,0.0,1.0,26.0,Southampton,,0,1.0
558,2.0,1.0,18.0,0.0,2.0,13.0,Southampton,,0,2.0
559,2.0,1.0,20.0,0.0,0.0,36.75,Southampton,,0,0.0
560,2.0,1.0,30.0,0.0,0.0,13.0,Southampton,,0,0.0
561,2.0,0.0,59.0,0.0,0.0,13.5,Southampton,,1,0.0
562,2.0,1.0,30.0,0.0,0.0,12.35,Queenstown,,0,0.0
563,2.0,0.0,35.0,0.0,0.0,10.5,Southampton,,1,0.0
564,2.0,1.0,40.0,0.0,0.0,13.0,Southampton,,0,0.0
565,2.0,0.0,25.0,0.0,0.0,13.0,Southampton,,1,0.0
566,2.0,0.0,41.0,0.0,0.0,15.0458,Cherbourg,,1,0.0
567,2.0,0.0,25.0,0.0,0.0,10.5,Southampton,,1,0.0
568,2.0,0.0,18.5,0.0,0.0,13.0,Southampton,F,1,0.0
569,2.0,0.0,14.0,0.0,0.0,65.0,Southampton,,1,0.0
570,2.0,1.0,50.0,0.0,0.0,10.5,Southampton,,0,0.0
571,2.0,0.0,23.0,0.0,0.0,13.0,Southampton,,1,0.0
572,2.0,1.0,28.0,0.0,0.0,12.65,Southampton,,0,0.0
573,2.0,1.0,27.0,0.0,0.0,10.5,Southampton,E,0,0.0
574,2.0,0.0,29.0,1.0,0.0,21.0,Southampton,,1,1.0
575,2.0,0.0,27.0,1.0,0.0,21.0,Southampton,,0,1.0
576,2.0,0.0,40.0,0.0,0.0,13.0,Southampton,,1,0.0
577,2.0,1.0,31.0,0.0,0.0,21.0,Southampton,,0,0.0
578,2.0,0.0,30.0,1.0,0.0,21.0,Southampton,,1,1.0
579,2.0,0.0,23.0,1.0,0.0,10.5,Southampton,,1,1.0
580,2.0,1.0,31.0,0.0,0.0,21.0,Southampton,,0,0.0
581,2.0,0.0,,0.0,0.0,0.0,Southampton,,1,0.0
582,2.0,1.0,12.0,0.0,0.0,15.75,Southampton,,0,0.0
583,2.0,1.0,40.0,0.0,0.0,15.75,Southampton,,0,0.0
584,2.0,1.0,32.5,0.0,0.0,13.0,Southampton,E,0,0.0
585,2.0,0.0,27.0,1.0,0.0,26.0,Southampton,,1,1.0
586,2.0,1.0,29.0,1.0,0.0,26.0,Southampton,,0,1.0
587,2.0,1.0,2.0,1.0,1.0,23.0,Southampton,,1,2.0
588,2.0,1.0,4.0,1.0,1.0,23.0,Southampton,,0,2.0
589,2.0,1.0,29.0,0.0,2.0,23.0,Southampton,,0,2.0
590,2.0,1.0,0.9167,1.0,2.0,27.75,Southampton,,0,3.0
591,2.0,1.0,5.0,1.0,2.0,27.75,Southampton,,0,3.0
592,2.0,0.0,36.0,1.0,2.0,27.75,Southampton,,1,3.0
593,2.0,1.0,33.0,1.0,2.0,27.75,Southampton,,0,3.0
594,2.0,0.0,66.0,0.0,0.0,10.5,Southampton,,1,0.0
595,2.0,0.0,,0.0,0.0,12.875,Southampton,,1,0.0
596,2.0,1.0,31.0,0.0,0.0,13.0,Southampton,,1,0.0
597,2.0,1.0,,0.0,0.0,13.0,Southampton,,1,0.0
598,2.0,1.0,26.0,0.0,0.0,13.5,Southampton,,0,0.0
599,2.0,0.0,24.0,0.0,0.0,13.0,Southampton,,0,0.0
600,3.0,0.0,42.0,0.0,0.0,7.55,Southampton,,1,0.0
601,3.0,0.0,13.0,0.0,2.0,20.25,Southampton,,1,2.0
602,3.0,0.0,16.0,1.0,1.0,20.25,Southampton,,1,2.0
603,3.0,1.0,35.0,1.0,1.0,20.25,Southampton,,0,2.0
604,3.0,1.0,16.0,0.0,0.0,7.65,Southampton,,0,0.0
605,3.0,1.0,25.0,0.0,0.0,7.65,Southampton,F,1,0.0
606,3.0,1.0,20.0,0.0,0.0,7.925,Southampton,,1,0.0
607,3.0,1.0,18.0,0.0,0.0,7.2292,Cherbourg,,0,0.0
608,3.0,0.0,30.0,0.0,0.0,7.25,Southampton,,1,0.0
609,3.0,0.0,26.0,0.0,0.0,8.05,Southampton,,1,0.0
610,3.0,0.0,40.0,1.0,0.0,9.475,Southampton,,0,1.0
611,3.0,1.0,0.8333,0.0,1.0,9.35,Southampton,,1,1.0
612,3.0,1.0,18.0,0.0,1.0,9.35,Southampton,,0,1.0
613,3.0,1.0,26.0,0.0,0.0,18.7875,Cherbourg,,1,0.0
614,3.0,0.0,26.0,0.0,0.0,7.8875,Southampton,,1,0.0
615,3.0,0.0,20.0,0.0,0.0,7.925,Southampton,,1,0.0
616,3.0,0.0,24.0,0.0,0.0,7.05,Southampton,,1,0.0
617,3.0,0.0,25.0,0.0,0.0,7.05,Southampton,,1,0.0
618,3.0,0.0,35.0,0.0,0.0,8.05,Southampton,,1,0.0
619,3.0,0.0,18.0,0.0,0.0,8.3,Southampton,,1,0.0
620,3.0,0.0,32.0,0.0,0.0,22.525,Southampton,,1,0.0
621,3.0,1.0,19.0,1.0,0.0,7.8542,Southampton,,0,1.0
622,3.0,0.0,4.0,4.0,2.0,31.275,Southampton,,1,6.0
623,3.0,0.0,6.0,4.0,2.0,31.275,Southampton,,0,6.0
624,3.0,0.0,2.0,4.0,2.0,31.275,Southampton,,0,6.0
625,3.0,1.0,17.0,4.0,2.0,7.925,Southampton,,0,6.0
626,3.0,0.0,38.0,4.0,2.0,7.775,Southampton,,0,6.0
627,3.0,0.0,9.0,4.0,2.0,31.275,Southampton,,0,6.0
628,3.0,0.0,11.0,4.0,2.0,31.275,Southampton,,0,6.0
629,3.0,0.0,39.0,1.0,5.0,31.275,Southampton,,1,6.0
630,3.0,1.0,27.0,0.0,0.0,7.7958,Southampton,,1,0.0
631,3.0,0.0,26.0,0.0,0.0,7.775,Southampton,,1,0.0
632,3.0,0.0,39.0,1.0,5.0,31.275,Southampton,,0,6.0
633,3.0,0.0,20.0,0.0,0.0,7.8542,Southampton,,1,0.0
634,3.0,0.0,26.0,0.0,0.0,7.8958,Southampton,,1,0.0
635,3.0,0.0,25.0,1.0,0.0,17.8,Southampton,,1,1.0
636,3.0,0.0,18.0,1.0,0.0,17.8,Southampton,,0,1.0
637,3.0,0.0,24.0,0.0,0.0,7.775,Southampton,,1,0.0
638,3.0,0.0,35.0,0.0,0.0,7.05,Southampton,,1,0.0
639,3.0,0.0,5.0,4.0,2.0,31.3875,Southampton,,1,6.0
640,3.0,0.0,9.0,4.0,2.0,31.3875,Southampton,,1,6.0
641,3.0,1.0,3.0,4.0,2.0,31.3875,Southampton,,1,6.0
642,3.0,0.0,13.0,4.0,2.0,31.3875,Southampton,,1,6.0
643,3.0,1.0,5.0,4.0,2.0,31.3875,Southampton,,0,6.0
644,3.0,0.0,40.0,1.0,5.0,31.3875,Southampton,,1,6.0
645,3.0,1.0,23.0,0.0,0.0,7.7958,Southampton,,1,0.0
646,3.0,1.0,38.0,1.0,5.0,31.3875,Southampton,,0,6.0
647,3.0,1.0,45.0,0.0,0.0,7.225,Cherbourg,,0,0.0
648,3.0,0.0,21.0,0.0,0.0,7.225,Cherbourg,,1,0.0
649,3.0,0.0,23.0,0.0,0.0,7.05,Southampton,,1,0.0
650,3.0,0.0,17.0,0.0,0.0,14.4583,Cherbourg,,0,0.0
651,3.0,0.0,30.0,0.0,0.0,7.225,Cherbourg,,1,0.0
652,3.0,0.0,23.0,0.0,0.0,7.8542,Southampton,,1,0.0
653,3.0,1.0,13.0,0.0,0.0,7.2292,Cherbourg,,0,0.0
654,3.0,0.0,20.0,0.0,0.0,7.225,Cherbourg,,1,0.0
655,3.0,0.0,32.0,1.0,0.0,15.85,Southampton,,1,1.0
656,3.0,1.0,33.0,3.0,0.0,15.85,Southampton,,0,3.0
657,3.0,1.0,0.75,2.0,1.0,19.2583,Cherbourg,,0,3.0
658,3.0,1.0,0.75,2.0,1.0,19.2583,Cherbourg,,0,3.0
659,3.0,1.0,5.0,2.0,1.0,19.2583,Cherbourg,,0,3.0
660,3.0,1.0,24.0,0.0,3.0,19.2583,Cherbourg,,0,3.0
661,3.0,1.0,18.0,0.0,0.0,8.05,Southampton,,0,0.0
662,3.0,0.0,40.0,0.0,0.0,7.225,Cherbourg,,1,0.0
663,3.0,0.0,26.0,0.0,0.0,7.8958,Southampton,,1,0.0
664,3.0,1.0,20.0,0.0,0.0,7.2292,Cherbourg,,1,0.0
665,3.0,0.0,18.0,0.0,1.0,14.4542,Cherbourg,,0,1.0
666,3.0,0.0,45.0,0.0,1.0,14.4542,Cherbourg,,0,1.0
667,3.0,0.0,27.0,0.0,0.0,7.8792,Queenstown,,0,0.0
668,3.0,0.0,22.0,0.0,0.0,8.05,Southampton,,1,0.0
669,3.0,0.0,19.0,0.0,0.0,8.05,Southampton,,1,0.0
670,3.0,0.0,26.0,0.0,0.0,7.775,Southampton,,1,0.0
671,3.0,0.0,22.0,0.0,0.0,9.35,Southampton,,1,0.0
672,3.0,0.0,,0.0,0.0,7.2292,Cherbourg,,1,0.0
673,3.0,0.0,20.0,0.0,0.0,4.0125,Cherbourg,,1,0.0
674,3.0,1.0,32.0,0.0,0.0,56.4958,Southampton,,1,0.0
675,3.0,0.0,21.0,0.0,0.0,7.775,Southampton,,1,0.0
676,3.0,0.0,18.0,0.0,0.0,7.75,Southampton,,1,0.0
677,3.0,0.0,26.0,0.0,0.0,7.8958,Southampton,,1,0.0
678,3.0,0.0,6.0,1.0,1.0,15.2458,Cherbourg,,1,2.0
679,3.0,0.0,9.0,1.0,1.0,15.2458,Cherbourg,,0,2.0
680,3.0,0.0,,0.0,0.0,7.225,Cherbourg,,1,0.0
681,3.0,0.0,,0.0,2.0,15.2458,Cherbourg,,0,2.0
682,3.0,0.0,,0.0,2.0,7.75,Queenstown,,0,2.0
683,3.0,0.0,40.0,1.0,1.0,15.5,Queenstown,,1,2.0
684,3.0,0.0,32.0,1.0,1.0,15.5,Queenstown,,0,2.0
685,3.0,0.0,21.0,0.0,0.0,16.1,Southampton,,1,0.0
686,3.0,1.0,22.0,0.0,0.0,7.725,Queenstown,,0,0.0
687,3.0,0.0,20.0,0.0,0.0,7.8542,Southampton,,0,0.0
688,3.0,0.0,29.0,1.0,0.0,7.0458,Southampton,,1,1.0
689,3.0,0.0,22.0,1.0,0.0,7.25,Southampton,,1,1.0
690,3.0,0.0,22.0,0.0,0.0,7.7958,Southampton,,1,0.0
691,3.0,0.0,35.0,0.0,0.0,8.05,Southampton,,1,0.0
692,3.0,0.0,18.5,0.0,0.0,7.2833,Queenstown,,0,0.0
693,3.0,1.0,21.0,0.0,0.0,7.8208,Queenstown,,1,0.0
694,3.0,0.0,19.0,0.0,0.0,6.75,Queenstown,,1,0.0
695,3.0,0.0,18.0,0.0,0.0,7.8792,Queenstown,,0,0.0
696,3.0,0.0,21.0,0.0,0.0,8.6625,Southampton,,0,0.0
697,3.0,0.0,30.0,0.0,0.0,8.6625,Southampton,,0,0.0
698,3.0,0.0,18.0,0.0,0.0,8.6625,Southampton,,1,0.0
699,3.0,0.0,38.0,0.0,0.0,8.6625,Southampton,,1,0.0
700,3.0,0.0,17.0,0.0,0.0,8.6625,Southampton,,1,0.0
701,3.0,0.0,17.0,0.0,0.0,8.6625,Southampton,,1,0.0
702,3.0,0.0,21.0,0.0,0.0,7.75,Queenstown,,0,0.0
703,3.0,0.0,21.0,0.0,0.0,7.75,Queenstown,,1,0.0
704,3.0,0.0,21.0,0.0,0.0,8.05,Southampton,,1,0.0
705,3.0,0.0,,1.0,0.0,14.4583,Cherbourg,,1,1.0
706,3.0,0.0,,1.0,0.0,14.4583,Cherbourg,,0,1.0
707,3.0,0.0,28.0,0.0,0.0,7.7958,Southampton,,1,0.0
708,3.0,0.0,24.0,0.0,0.0,7.8542,Southampton,,1,0.0
709,3.0,1.0,16.0,0.0,0.0,7.75,Queenstown,,0,0.0
710,3.0,0.0,37.0,0.0,0.0,7.75,Queenstown,,0,0.0
711,3.0,0.0,28.0,0.0,0.0,7.25,Southampton,,1,0.0
712,3.0,0.0,24.0,0.0,0.0,8.05,Southampton,,1,0.0
713,3.0,0.0,21.0,0.0,0.0,7.7333,Queenstown,,1,0.0
714,3.0,1.0,32.0,0.0,0.0,56.4958,Southampton,,1,0.0
715,3.0,0.0,29.0,0.0,0.0,8.05,Southampton,,1,0.0
716,3.0,0.0,26.0,1.0,0.0,14.4542,Cherbourg,,1,1.0
717,3.0,0.0,18.0,1.0,0.0,14.4542,Cherbourg,,1,1.0
718,3.0,0.0,20.0,0.0,0.0,7.05,Southampton,,1,0.0
719,3.0,1.0,18.0,0.0,0.0,8.05,Southampton,,1,0.0
720,3.0,0.0,24.0,0.0,0.0,7.25,Queenstown,,1,0.0
721,3.0,0.0,36.0,0.0,0.0,7.4958,Southampton,,1,0.0
722,3.0,0.0,24.0,0.0,0.0,7.4958,Southampton,,1,0.0
723,3.0,0.0,31.0,0.0,0.0,7.7333,Queenstown,,1,0.0
724,3.0,0.0,31.0,0.0,0.0,7.75,Queenstown,,1,0.0
725,3.0,1.0,22.0,0.0,0.0,7.75,Queenstown,,0,0.0
726,3.0,0.0,30.0,0.0,0.0,7.6292,Queenstown,,0,0.0
727,3.0,0.0,70.5,0.0,0.0,7.75,Queenstown,,1,0.0
728,3.0,0.0,43.0,0.0,0.0,8.05,Southampton,,1,0.0
729,3.0,0.0,35.0,0.0,0.0,7.8958,Southampton,,1,0.0
730,3.0,0.0,27.0,0.0,0.0,7.8958,Southampton,,1,0.0
731,3.0,0.0,19.0,0.0,0.0,7.8958,Southampton,,1,0.0
732,3.0,0.0,30.0,0.0,0.0,8.05,Southampton,,1,0.0
733,3.0,1.0,9.0,1.0,1.0,15.9,Southampton,,1,2.0
734,3.0,1.0,3.0,1.0,1.0,15.9,Southampton,,1,2.0
735,3.0,1.0,36.0,0.0,2.0,15.9,Southampton,,0,2.0
736,3.0,0.0,59.0,0.0,0.0,7.25,Southampton,,1,0.0
737,3.0,0.0,19.0,0.0,0.0,8.1583,Southampton,,1,0.0
738,3.0,1.0,17.0,0.0,1.0,16.1,Southampton,,0,1.0
739,3.0,0.0,44.0,0.0,1.0,16.1,Southampton,,1,1.0
740,3.0,0.0,17.0,0.0,0.0,8.6625,Southampton,,1,0.0
741,3.0,0.0,22.5,0.0,0.0,7.225,Cherbourg,,1,0.0
742,3.0,1.0,45.0,0.0,0.0,8.05,Southampton,,1,0.0
743,3.0,0.0,22.0,0.0,0.0,10.5167,Southampton,,0,0.0
744,3.0,0.0,19.0,0.0,0.0,10.1708,Southampton,,1,0.0
745,3.0,1.0,30.0,0.0,0.0,6.95,Queenstown,,0,0.0
746,3.0,1.0,29.0,0.0,0.0,7.75,Queenstown,,1,0.0
747,3.0,0.0,0.3333,0.0,2.0,14.4,Southampton,,1,2.0
748,3.0,0.0,34.0,1.0,1.0,14.4,Southampton,,1,2.0
749,3.0,0.0,28.0,1.0,1.0,14.4,Southampton,,0,2.0
750,3.0,0.0,27.0,0.0,0.0,7.8958,Southampton,,1,0.0
751,3.0,0.0,25.0,0.0,0.0,7.8958,Southampton,,1,0.0
752,3.0,0.0,24.0,2.0,0.0,24.15,Southampton,,1,2.0
753,3.0,0.0,22.0,0.0,0.0,8.05,Southampton,,1,0.0
754,3.0,0.0,21.0,2.0,0.0,24.15,Southampton,,1,2.0
755,3.0,0.0,17.0,2.0,0.0,8.05,Southampton,,1,2.0
756,3.0,0.0,,1.0,0.0,16.1,Southampton,,1,1.0
757,3.0,1.0,,1.0,0.0,16.1,Southampton,,0,1.0
758,3.0,1.0,36.5,1.0,0.0,17.4,Southampton,,1,1.0
759,3.0,1.0,36.0,1.0,0.0,17.4,Southampton,,0,1.0
760,3.0,1.0,30.0,0.0,0.0,9.5,Southampton,,1,0.0
761,3.0,0.0,16.0,0.0,0.0,9.5,Southampton,,1,0.0
762,3.0,1.0,1.0,1.0,2.0,20.575,Southampton,,1,3.0
763,3.0,1.0,0.1667,1.0,2.0,20.575,Southampton,,0,3.0
764,3.0,0.0,26.0,1.0,2.0,20.575,Southampton,,1,3.0
765,3.0,1.0,33.0,1.0,2.0,20.575,Southampton,,0,3.0
766,3.0,0.0,25.0,0.0,0.0,7.8958,Southampton,,1,0.0
767,3.0,0.0,,0.0,0.0,7.8958,Southampton,,1,0.0
768,3.0,0.0,,0.0,0.0,7.8958,Southampton,,1,0.0
769,3.0,0.0,22.0,0.0,0.0,7.25,Southampton,,1,0.0
770,3.0,0.0,36.0,0.0,0.0,7.25,Southampton,,1,0.0
771,3.0,1.0,19.0,0.0,0.0,7.8792,Queenstown,,0,0.0
772,3.0,0.0,17.0,0.0,0.0,7.8958,Southampton,,1,0.0
773,3.0,0.0,42.0,0.0,0.0,8.6625,Southampton,,1,0.0
774,3.0,0.0,43.0,0.0,0.0,7.8958,Southampton,,1,0.0
775,3.0,0.0,,0.0,0.0,7.2292,Cherbourg,,1,0.0
776,3.0,0.0,32.0,0.0,0.0,7.75,Queenstown,,1,0.0
777,3.0,1.0,19.0,0.0,0.0,8.05,Southampton,,1,0.0
778,3.0,1.0,30.0,0.0,0.0,12.475,Southampton,,0,0.0
779,3.0,0.0,24.0,0.0,0.0,7.75,Queenstown,,0,0.0
780,3.0,1.0,23.0,0.0,0.0,8.05,Southampton,,0,0.0
781,3.0,0.0,33.0,0.0,0.0,7.8958,Cherbourg,,1,0.0
782,3.0,0.0,65.0,0.0,0.0,7.75,Queenstown,,1,0.0
783,3.0,1.0,24.0,0.0,0.0,7.55,Southampton,,1,0.0
784,3.0,0.0,23.0,1.0,0.0,13.9,Southampton,,1,1.0
785,3.0,1.0,22.0,1.0,0.0,13.9,Southampton,,0,1.0
786,3.0,0.0,18.0,0.0,0.0,7.775,Southampton,,1,0.0
787,3.0,0.0,16.0,0.0,0.0,7.775,Southampton,,1,0.0
788,3.0,0.0,45.0,0.0,0.0,6.975,Southampton,,1,0.0
789,3.0,0.0,,0.0,0.0,7.225,Cherbourg,,1,0.0
790,3.0,0.0,39.0,0.0,2.0,7.2292,Cherbourg,,1,2.0
791,3.0,0.0,17.0,1.0,1.0,7.2292,Cherbourg,,1,2.0
792,3.0,0.0,15.0,1.0,1.0,7.2292,Cherbourg,,1,2.0
793,3.0,0.0,47.0,0.0,0.0,7.25,Southampton,,1,0.0
794,3.0,1.0,5.0,0.0,0.0,12.475,Southampton,,0,0.0
795,3.0,0.0,,0.0,0.0,7.225,Cherbourg,,1,0.0
796,3.0,0.0,40.5,0.0,0.0,15.1,Southampton,,1,0.0
797,3.0,0.0,40.5,0.0,0.0,7.75,Queenstown,,1,0.0
798,3.0,1.0,,0.0,0.0,7.05,Southampton,,1,0.0
799,3.0,0.0,18.0,0.0,0.0,7.7958,Southampton,,1,0.0
800,3.0,0.0,,0.0,0.0,7.75,Queenstown,,0,0.0
801,3.0,0.0,,0.0,0.0,7.75,Queenstown,,1,0.0
802,3.0,0.0,,0.0,0.0,6.95,Queenstown,,1,0.0
803,3.0,0.0,26.0,0.0,0.0,7.8792,Queenstown,,1,0.0
804,3.0,0.0,,0.0,0.0,7.75,Queenstown,,1,0.0
805,3.0,1.0,,0.0,0.0,56.4958,Southampton,,1,0.0
806,3.0,0.0,21.0,2.0,2.0,34.375,Southampton,,0,4.0
807,3.0,0.0,9.0,2.0,2.0,34.375,Southampton,,0,4.0
808,3.0,0.0,,0.0,0.0,8.05,Southampton,,1,0.0
809,3.0,0.0,18.0,2.0,2.0,34.375,Southampton,,1,4.0
810,3.0,0.0,16.0,1.0,3.0,34.375,Southampton,,1,4.0
811,3.0,0.0,48.0,1.0,3.0,34.375,Southampton,,0,4.0
812,3.0,0.0,,0.0,0.0,7.75,Queenstown,,1,0.0
813,3.0,0.0,,0.0,0.0,7.25,Southampton,,1,0.0
814,3.0,0.0,25.0,0.0,0.0,7.7417,Queenstown,,1,0.0
815,3.0,0.0,,0.0,0.0,14.5,Southampton,,1,0.0
816,3.0,0.0,,0.0,0.0,7.8958,Cherbourg,,1,0.0
817,3.0,0.0,22.0,0.0,0.0,8.05,Southampton,,1,0.0
818,3.0,1.0,16.0,0.0,0.0,7.7333,Queenstown,,0,0.0
819,3.0,1.0,,0.0,0.0,7.75,Queenstown,,0,0.0
820,3.0,1.0,9.0,0.0,2.0,20.525,Southampton,,1,2.0
821,3.0,0.0,33.0,1.0,1.0,20.525,Southampton,,1,2.0
822,3.0,0.0,41.0,0.0,0.0,7.85,Southampton,,1,0.0
823,3.0,1.0,31.0,1.0,1.0,20.525,Southampton,,0,2.0
824,3.0,0.0,38.0,0.0,0.0,7.05,Southampton,,1,0.0
825,3.0,0.0,9.0,5.0,2.0,46.9,Southampton,,1,7.0
826,3.0,0.0,1.0,5.0,2.0,46.9,Southampton,,1,7.0
827,3.0,0.0,11.0,5.0,2.0,46.9,Southampton,,1,7.0
828,3.0,0.0,10.0,5.0,2.0,46.9,Southampton,,0,7.0
829,3.0,0.0,16.0,5.0,2.0,46.9,Southampton,,0,7.0
830,3.0,0.0,14.0,5.0,2.0,46.9,Southampton,,1,7.0
831,3.0,0.0,40.0,1.0,6.0,46.9,Southampton,,1,7.0
832,3.0,0.0,43.0,1.0,6.0,46.9,Southampton,,0,7.0
833,3.0,0.0,51.0,0.0,0.0,8.05,Southampton,,1,0.0
834,3.0,0.0,32.0,0.0,0.0,8.3625,Southampton,,1,0.0
835,3.0,0.0,,0.0,0.0,8.05,Southampton,,1,0.0
836,3.0,0.0,20.0,0.0,0.0,9.8458,Southampton,,1,0.0
837,3.0,0.0,37.0,2.0,0.0,7.925,Southampton,,1,2.0
838,3.0,0.0,28.0,2.0,0.0,7.925,Southampton,,1,2.0
839,3.0,0.0,19.0,0.0,0.0,7.775,Southampton,,1,0.0
840,3.0,0.0,24.0,0.0,0.0,8.85,Southampton,,0,0.0
841,3.0,0.0,17.0,0.0,0.0,7.7333,Queenstown,,0,0.0
842,3.0,0.0,,1.0,0.0,19.9667,Southampton,,1,1.0
843,3.0,0.0,,1.0,0.0,19.9667,Southampton,,1,1.0
844,3.0,0.0,28.0,1.0,0.0,15.85,Southampton,,1,1.0
845,3.0,1.0,24.0,1.0,0.0,15.85,Southampton,,0,1.0
846,3.0,0.0,20.0,0.0,0.0,9.5,Southampton,,1,0.0
847,3.0,0.0,23.5,0.0,0.0,7.2292,Cherbourg,,1,0.0
848,3.0,0.0,41.0,2.0,0.0,14.1083,Southampton,,1,2.0
849,3.0,0.0,26.0,1.0,0.0,7.8542,Southampton,,1,1.0
850,3.0,0.0,21.0,0.0,0.0,7.8542,Southampton,,1,0.0
851,3.0,1.0,45.0,1.0,0.0,14.1083,Southampton,,0,1.0
852,3.0,0.0,,0.0,0.0,7.55,Southampton,,0,0.0
853,3.0,0.0,25.0,0.0,0.0,7.25,Southampton,,1,0.0
854,3.0,0.0,,0.0,0.0,6.8583,Queenstown,,1,0.0
855,3.0,0.0,11.0,0.0,0.0,18.7875,Cherbourg,,1,0.0
856,3.0,1.0,,0.0,0.0,7.75,Queenstown,,0,0.0
857,3.0,1.0,27.0,0.0,0.0,6.975,Southampton,,1,0.0
858,3.0,1.0,,0.0,0.0,56.4958,Southampton,,1,0.0
859,3.0,0.0,18.0,0.0,0.0,6.75,Queenstown,,0,0.0
860,3.0,1.0,26.0,0.0,0.0,7.925,Southampton,,0,0.0
861,3.0,0.0,23.0,0.0,0.0,7.925,Southampton,,0,0.0
862,3.0,1.0,22.0,0.0,0.0,8.9625,Southampton,,0,0.0
863,3.0,0.0,28.0,0.0,0.0,7.8958,Southampton,,1,0.0
864,3.0,0.0,28.0,0.0,0.0,7.775,Southampton,,0,0.0
865,3.0,0.0,,0.0,0.0,7.75,Queenstown,,0,0.0
866,3.0,1.0,2.0,0.0,1.0,12.2875,Southampton,,0,1.0
867,3.0,1.0,22.0,1.0,1.0,12.2875,Southampton,,0,2.0
868,3.0,0.0,43.0,0.0,0.0,6.45,Southampton,,1,0.0
869,3.0,0.0,28.0,0.0,0.0,22.525,Southampton,,1,0.0
870,3.0,1.0,27.0,0.0,0.0,7.925,Southampton,,0,0.0
871,3.0,0.0,,0.0,0.0,7.75,Queenstown,,1,0.0
872,3.0,1.0,,0.0,0.0,8.05,Southampton,,0,0.0
873,3.0,0.0,42.0,0.0,0.0,7.65,Southampton,F,1,0.0
874,3.0,1.0,,0.0,0.0,7.8875,Southampton,,1,0.0
875,3.0,0.0,30.0,0.0,0.0,7.2292,Cherbourg,,1,0.0
876,3.0,0.0,,0.0,0.0,7.8958,Southampton,,1,0.0
877,3.0,0.0,27.0,1.0,0.0,7.925,Southampton,,0,1.0
878,3.0,0.0,25.0,1.0,0.0,7.925,Southampton,,0,1.0
879,3.0,0.0,,0.0,0.0,7.8958,Southampton,,1,0.0
880,3.0,1.0,29.0,0.0,0.0,7.8958,Cherbourg,,1,0.0
881,3.0,1.0,21.0,0.0,0.0,7.7958,Southampton,,1,0.0
882,3.0,0.0,,0.0,0.0,7.05,Southampton,,1,0.0
883,3.0,0.0,20.0,0.0,0.0,7.8542,Southampton,,1,0.0
884,3.0,0.0,48.0,0.0,0.0,7.8542,Southampton,,1,0.0
885,3.0,0.0,17.0,1.0,0.0,7.0542,Southampton,,1,1.0
886,3.0,1.0,,0.0,0.0,7.75,Queenstown,,0,0.0
887,3.0,1.0,,0.0,0.0,8.1125,Southampton,,1,0.0
888,3.0,0.0,34.0,0.0,0.0,6.4958,Southampton,,1,0.0
889,3.0,1.0,26.0,0.0,0.0,7.775,Southampton,,1,0.0
890,3.0,0.0,22.0,0.0,0.0,7.7958,Southampton,,1,0.0
891,3.0,0.0,33.0,0.0,0.0,8.6542,Southampton,,1,0.0
892,3.0,0.0,31.0,0.0,0.0,7.775,Southampton,,1,0.0
893,3.0,0.0,29.0,0.0,0.0,7.8542,Southampton,,1,0.0
894,3.0,1.0,4.0,1.0,1.0,11.1333,Southampton,,1,2.0
895,3.0,1.0,1.0,1.0,1.0,11.1333,Southampton,,0,2.0
896,3.0,0.0,49.0,0.0,0.0,0.0,Southampton,,1,0.0
897,3.0,0.0,33.0,0.0,0.0,7.775,Southampton,,1,0.0
898,3.0,0.0,19.0,0.0,0.0,0.0,Southampton,,1,0.0
899,3.0,1.0,27.0,0.0,2.0,11.1333,Southampton,,0,2.0
900,3.0,0.0,,1.0,2.0,23.45,Southampton,,1,3.0
901,3.0,0.0,,1.0,2.0,23.45,Southampton,,0,3.0
902,3.0,0.0,,1.0,2.0,23.45,Southampton,,1,3.0
903,3.0,0.0,,1.0,2.0,23.45,Southampton,,0,3.0
904,3.0,0.0,23.0,0.0,0.0,7.8958,Southampton,,1,0.0
905,3.0,1.0,32.0,0.0,0.0,7.8542,Southampton,,1,0.0
906,3.0,0.0,27.0,0.0,0.0,7.8542,Southampton,,1,0.0
907,3.0,0.0,20.0,1.0,0.0,9.825,Southampton,,0,1.0
908,3.0,0.0,21.0,1.0,0.0,9.825,Southampton,,0,1.0
909,3.0,1.0,32.0,0.0,0.0,7.925,Southampton,,1,0.0
910,3.0,0.0,17.0,0.0,0.0,7.125,Southampton,,1,0.0
911,3.0,0.0,21.0,0.0,0.0,8.4333,Southampton,,1,0.0
912,3.0,0.0,30.0,0.0,0.0,7.8958,Southampton,,1,0.0
913,3.0,1.0,21.0,0.0,0.0,7.7958,Southampton,,1,0.0
914,3.0,0.0,33.0,0.0,0.0,7.8542,Southampton,,1,0.0
915,3.0,0.0,22.0,0.0,0.0,7.5208,Southampton,,1,0.0
916,3.0,1.0,4.0,0.0,1.0,13.4167,Cherbourg,,0,1.0
917,3.0,1.0,39.0,0.0,1.0,13.4167,Cherbourg,,1,1.0
918,3.0,0.0,,0.0,0.0,7.2292,Cherbourg,,1,0.0
919,3.0,0.0,18.5,0.0,0.0,7.2292,Cherbourg,,1,0.0
920,3.0,0.0,,0.0,0.0,7.75,Queenstown,,1,0.0
921,3.0,0.0,,0.0,0.0,7.25,Southampton,,1,0.0
922,3.0,1.0,,0.0,0.0,7.75,Queenstown,,0,0.0
923,3.0,1.0,,0.0,0.0,7.75,Queenstown,,0,0.0
924,3.0,0.0,34.5,0.0,0.0,7.8292,Queenstown,,1,0.0
925,3.0,0.0,44.0,0.0,0.0,8.05,Southampton,,1,0.0
926,3.0,1.0,,0.0,0.0,7.75,Queenstown,,1,0.0
927,3.0,0.0,,1.0,0.0,14.4542,Cherbourg,,1,1.0
928,3.0,0.0,,1.0,0.0,14.4542,Cherbourg,,0,1.0
929,3.0,0.0,,1.0,0.0,7.75,Queenstown,,1,1.0
930,3.0,0.0,,1.0,0.0,7.75,Queenstown,,1,1.0
931,3.0,0.0,,0.0,0.0,7.7375,Queenstown,,1,0.0
932,3.0,0.0,22.0,2.0,0.0,8.6625,Southampton,,0,2.0
933,3.0,0.0,26.0,2.0,0.0,8.6625,Southampton,,1,2.0
934,3.0,1.0,4.0,0.0,2.0,22.025,Southampton,,0,2.0
935,3.0,1.0,29.0,3.0,1.0,22.025,Southampton,,1,4.0
936,3.0,1.0,26.0,1.0,1.0,22.025,Southampton,,0,2.0
937,3.0,0.0,1.0,1.0,1.0,12.1833,Southampton,,0,2.0
938,3.0,0.0,18.0,1.0,1.0,7.8542,Southampton,,1,2.0
939,3.0,0.0,36.0,0.0,2.0,12.1833,Southampton,,0,2.0
940,3.0,0.0,,0.0,0.0,7.8958,Cherbourg,,1,0.0
941,3.0,1.0,25.0,0.0,0.0,7.2292,Cherbourg,F,1,0.0
942,3.0,0.0,,0.0,0.0,7.225,Cherbourg,,1,0.0
943,3.0,0.0,37.0,0.0,0.0,9.5875,Southampton,,0,0.0
944,3.0,0.0,,0.0,0.0,7.8958,Southampton,,1,0.0
945,3.0,1.0,,0.0,0.0,56.4958,Southampton,,1,0.0
946,3.0,0.0,,0.0,0.0,56.4958,Southampton,,1,0.0
947,3.0,1.0,22.0,0.0,0.0,7.25,Southampton,,0,0.0
948,3.0,0.0,,0.0,0.0,7.75,Queenstown,,1,0.0
949,3.0,1.0,26.0,0.0,0.0,56.4958,Southampton,,1,0.0
950,3.0,0.0,29.0,0.0,0.0,9.4833,Southampton,,1,0.0
951,3.0,0.0,29.0,0.0,0.0,7.775,Southampton,,1,0.0
952,3.0,0.0,22.0,0.0,0.0,7.775,Southampton,,1,0.0
953,3.0,1.0,22.0,0.0,0.0,7.225,Cherbourg,,1,0.0
954,3.0,0.0,,3.0,1.0,25.4667,Southampton,,1,4.0
955,3.0,0.0,,3.0,1.0,25.4667,Southampton,,0,4.0
956,3.0,0.0,,3.0,1.0,25.4667,Southampton,,0,4.0
957,3.0,0.0,,3.0,1.0,25.4667,Southampton,,0,4.0
958,3.0,0.0,,0.0,4.0,25.4667,Southampton,,0,4.0
959,3.0,0.0,32.0,0.0,0.0,7.925,Southampton,,1,0.0
960,3.0,0.0,34.5,0.0,0.0,6.4375,Cherbourg,,1,0.0
961,3.0,0.0,,1.0,0.0,15.5,Queenstown,,0,1.0
962,3.0,0.0,,1.0,0.0,15.5,Queenstown,,1,1.0
963,3.0,0.0,36.0,0.0,0.0,0.0,Southampton,,1,0.0
964,3.0,0.0,39.0,0.0,0.0,24.15,Southampton,,1,0.0
965,3.0,0.0,24.0,0.0,0.0,9.5,Southampton,,1,0.0
966,3.0,0.0,25.0,0.0,0.0,7.775,Southampton,,0,0.0
967,3.0,0.0,45.0,0.0,0.0,7.75,Southampton,,0,0.0
968,3.0,0.0,36.0,1.0,0.0,15.55,Southampton,,1,1.0
969,3.0,0.0,30.0,1.0,0.0,15.55,Southampton,,0,1.0
970,3.0,1.0,20.0,1.0,0.0,7.925,Southampton,,1,1.0
971,3.0,0.0,,0.0,0.0,7.8792,Queenstown,,1,0.0
972,3.0,0.0,28.0,0.0,0.0,56.4958,Southampton,,1,0.0
973,3.0,0.0,,0.0,0.0,7.55,Southampton,,1,0.0
974,3.0,0.0,30.0,1.0,0.0,16.1,Southampton,,1,1.0
975,3.0,0.0,26.0,1.0,0.0,16.1,Southampton,,0,1.0
976,3.0,0.0,,0.0,0.0,7.8792,Southampton,,1,0.0
977,3.0,0.0,20.5,0.0,0.0,7.25,Southampton,,1,0.0
978,3.0,1.0,27.0,0.0,0.0,8.6625,Southampton,,1,0.0
979,3.0,0.0,51.0,0.0,0.0,7.0542,Southampton,,1,0.0
980,3.0,1.0,23.0,0.0,0.0,7.8542,Southampton,,0,0.0
981,3.0,1.0,32.0,0.0,0.0,7.5792,Southampton,,1,0.0
982,3.0,0.0,,0.0,0.0,7.8958,Southampton,,1,0.0
983,3.0,0.0,,0.0,0.0,7.55,Southampton,,1,0.0
984,3.0,1.0,,0.0,0.0,7.75,Queenstown,,0,0.0
985,3.0,1.0,24.0,0.0,0.0,7.1417,Southampton,,1,0.0
986,3.0,0.0,22.0,0.0,0.0,7.125,Southampton,,1,0.0
987,3.0,0.0,,0.0,0.0,7.8792,Queenstown,,0,0.0
988,3.0,0.0,,0.0,0.0,7.75,Queenstown,,1,0.0
989,3.0,0.0,,0.0,0.0,8.05,Southampton,,1,0.0
990,3.0,0.0,29.0,0.0,0.0,7.925,Southampton,,1,0.0
991,3.0,1.0,,0.0,0.0,7.2292,Cherbourg,,1,0.0
992,3.0,0.0,30.5,0.0,0.0,7.75,Queenstown,,0,0.0
993,3.0,1.0,,0.0,0.0,7.7375,Queenstown,,0,0.0
994,3.0,0.0,,0.0,0.0,7.2292,Cherbourg,F,1,0.0
995,3.0,0.0,35.0,0.0,0.0,7.8958,Cherbourg,,1,0.0
996,3.0,0.0,33.0,0.0,0.0,7.8958,Southampton,,1,0.0
997,3.0,1.0,,0.0,0.0,7.225,Cherbourg,,0,0.0
998,3.0,0.0,,0.0,0.0,7.8958,Cherbourg,,1,0.0
999,3.0,1.0,,0.0,0.0,7.75,Queenstown,,0,0.0
1000,3.0,1.0,,0.0,0.0,7.75,Queenstown,,1,0.0
1001,3.0,1.0,,2.0,0.0,23.25,Queenstown,,0,2.0
1002,3.0,1.0,,2.0,0.0,23.25,Queenstown,,0,2.0
1003,3.0,1.0,,2.0,0.0,23.25,Queenstown,,1,2.0
1004,3.0,1.0,,0.0,0.0,7.7875,Queenstown,,0,0.0
1005,3.0,0.0,,0.0,0.0,15.5,Queenstown,,1,0.0
1006,3.0,1.0,,0.0,0.0,7.8792,Queenstown,,0,0.0
1007,3.0,1.0,15.0,0.0,0.0,8.0292,Queenstown,,0,0.0
1008,3.0,0.0,35.0,0.0,0.0,7.75,Queenstown,,0,0.0
1009,3.0,0.0,,0.0,0.0,7.75,Queenstown,,1,0.0
1010,3.0,0.0,24.0,1.0,0.0,16.1,Southampton,,1,1.0
1011,3.0,0.0,19.0,1.0,0.0,16.1,Southampton,,0,1.0
1012,3.0,0.0,,0.0,0.0,7.75,Queenstown,,0,0.0
1013,3.0,0.0,,0.0,0.0,8.05,Southampton,,0,0.0
1014,3.0,0.0,,0.0,0.0,8.05,Southampton,,0,0.0
1015,3.0,0.0,55.5,0.0,0.0,8.05,Southampton,,1,0.0
1016,3.0,0.0,,0.0,0.0,7.75,Queenstown,,1,0.0
1017,3.0,1.0,21.0,0.0,0.0,7.775,Southampton,,1,0.0
1018,3.0,0.0,,0.0,0.0,8.05,Southampton,,1,0.0
1019,3.0,0.0,24.0,0.0,0.0,7.8958,Southampton,,1,0.0
1020,3.0,0.0,21.0,0.0,0.0,7.8958,Southampton,,1,0.0
1021,3.0,0.0,28.0,0.0,0.0,7.8958,Southampton,,1,0.0
1022,3.0,0.0,,0.0,0.0,7.8958,Southampton,,1,0.0
1023,3.0,1.0,,0.0,0.0,7.8792,Queenstown,,0,0.0
1024,3.0,0.0,25.0,0.0,0.0,7.65,Southampton,F,1,0.0
1025,3.0,1.0,6.0,0.0,1.0,12.475,Southampton,E,1,1.0
1026,3.0,1.0,27.0,0.0,1.0,12.475,Southampton,E,0,1.0
1027,3.0,0.0,,0.0,0.0,8.05,Southampton,,1,0.0
1028,3.0,1.0,,1.0,0.0,24.15,Queenstown,,0,1.0
1029,3.0,0.0,,1.0,0.0,24.15,Queenstown,,1,1.0
1030,3.0,0.0,,0.0,0.0,8.4583,Queenstown,,1,0.0
1031,3.0,0.0,34.0,0.0,0.0,8.05,Southampton,,1,0.0
1032,3.0,0.0,,0.0,0.0,7.75,Queenstown,,1,0.0
1033,3.0,1.0,,0.0,0.0,7.775,Southampton,,1,0.0
1034,3.0,1.0,,1.0,1.0,15.2458,Cherbourg,,1,2.0
1035,3.0,1.0,,1.0,1.0,15.2458,Cherbourg,,1,2.0
1036,3.0,1.0,,0.0,2.0,15.2458,Cherbourg,,0,2.0
1037,3.0,1.0,,0.0,0.0,7.2292,Cherbourg,,0,0.0
1038,3.0,0.0,,0.0,0.0,8.05,Southampton,,1,0.0
1039,3.0,1.0,,0.0,0.0,7.7333,Queenstown,,0,0.0
1040,3.0,1.0,24.0,0.0,0.0,7.75,Queenstown,,0,0.0
1041,3.0,0.0,,0.0,0.0,8.05,Southampton,,1,0.0
1042,3.0,1.0,,1.0,0.0,15.5,Queenstown,,0,1.0
1043,3.0,1.0,,1.0,0.0,15.5,Queenstown,,0,1.0
1044,3.0,1.0,,0.0,0.0,15.5,Queenstown,,0,0.0
1045,3.0,0.0,18.0,0.0,0.0,7.75,Southampton,,1,0.0
1046,3.0,0.0,22.0,0.0,0.0,7.8958,Southampton,,1,0.0
1047,3.0,1.0,15.0,0.0,0.0,7.225,Cherbourg,,0,0.0
1048,3.0,1.0,1.0,0.0,2.0,15.7417,Cherbourg,,0,2.0
1049,3.0,1.0,20.0,1.0,1.0,15.7417,Cherbourg,,1,2.0
1050,3.0,1.0,19.0,1.0,1.0,15.7417,Cherbourg,,0,2.0
1051,3.0,0.0,33.0,0.0,0.0,8.05,Southampton,,1,0.0
1052,3.0,0.0,,0.0,0.0,7.8958,Southampton,,1,0.0
1053,3.0,0.0,,0.0,0.0,7.2292,Cherbourg,,1,0.0
1054,3.0,0.0,,0.0,0.0,7.75,Queenstown,,0,0.0
1055,3.0,0.0,,0.0,0.0,7.8958,Southampton,,1,0.0
1056,3.0,1.0,12.0,1.0,0.0,11.2417,Cherbourg,,1,1.0
1057,3.0,1.0,14.0,1.0,0.0,11.2417,Cherbourg,,0,1.0
1058,3.0,0.0,29.0,0.0,0.0,7.925,Southampton,,0,0.0
1059,3.0,0.0,28.0,0.0,0.0,8.05,Southampton,,1,0.0
1060,3.0,1.0,18.0,0.0,0.0,7.775,Southampton,,0,0.0
1061,3.0,1.0,26.0,0.0,0.0,7.8542,Southampton,,0,0.0
1062,3.0,0.0,21.0,0.0,0.0,7.8542,Southampton,,1,0.0
1063,3.0,0.0,41.0,0.0,0.0,7.125,Southampton,,1,0.0
1064,3.0,1.0,39.0,0.0,0.0,7.925,Southampton,,1,0.0
1065,3.0,0.0,21.0,0.0,0.0,7.8,Southampton,,1,0.0
1066,3.0,0.0,28.5,0.0,0.0,7.2292,Cherbourg,,1,0.0
1067,3.0,1.0,22.0,0.0,0.0,7.75,Southampton,,0,0.0
1068,3.0,0.0,61.0,0.0,0.0,6.2375,Southampton,,1,0.0
1069,3.0,0.0,,1.0,0.0,15.5,Queenstown,,1,1.0
1070,3.0,0.0,,0.0,0.0,7.8292,Queenstown,,1,0.0
1071,3.0,1.0,,1.0,0.0,15.5,Queenstown,,0,1.0
1072,3.0,0.0,,0.0,0.0,7.7333,Queenstown,,1,0.0
1073,3.0,0.0,,0.0,0.0,7.75,Queenstown,,1,0.0
1074,3.0,0.0,,0.0,0.0,7.75,Queenstown,,1,0.0
1075,3.0,0.0,23.0,0.0,0.0,9.225,Southampton,,1,0.0
1076,3.0,0.0,,0.0,0.0,7.75,Queenstown,,0,0.0
1077,3.0,1.0,,0.0,0.0,7.75,Queenstown,,0,0.0
1078,3.0,1.0,,0.0,0.0,7.8792,Queenstown,,0,0.0
1079,3.0,1.0,22.0,0.0,0.0,7.775,Southampton,,0,0.0
1080,3.0,1.0,,0.0,0.0,7.75,Queenstown,,1,0.0
1081,3.0,1.0,,0.0,0.0,7.8292,Queenstown,,0,0.0
1082,3.0,1.0,9.0,0.0,1.0,3.1708,Southampton,,1,1.0
1083,3.0,0.0,28.0,0.0,0.0,22.525,Southampton,,1,0.0
1084,3.0,0.0,42.0,0.0,1.0,8.4042,Southampton,,1,1.0
1085,3.0,0.0,,0.0,0.0,7.3125,Southampton,,1,0.0
1086,3.0,0.0,31.0,0.0,0.0,7.8542,Southampton,,0,0.0
1087,3.0,0.0,28.0,0.0,0.0,7.8542,Southampton,,1,0.0
1088,3.0,1.0,32.0,0.0,0.0,7.775,Southampton,,1,0.0
1089,3.0,0.0,20.0,0.0,0.0,9.225,Southampton,,1,0.0
1090,3.0,0.0,23.0,0.0,0.0,8.6625,Southampton,,0,0.0
1091,3.0,0.0,20.0,0.0,0.0,8.6625,Southampton,,0,0.0
1092,3.0,0.0,20.0,0.0,0.0,8.6625,Southampton,,1,0.0
1093,3.0,0.0,16.0,0.0,0.0,9.2167,Southampton,,1,0.0
1094,3.0,1.0,31.0,0.0,0.0,8.6833,Southampton,,0,0.0
1095,3.0,0.0,,0.0,0.0,7.6292,Queenstown,,0,0.0
1096,3.0,0.0,2.0,3.0,1.0,21.075,Southampton,,1,4.0
1097,3.0,0.0,6.0,3.0,1.0,21.075,Southampton,,1,4.0
1098,3.0,0.0,3.0,3.0,1.0,21.075,Southampton,,0,4.0
1099,3.0,0.0,8.0,3.0,1.0,21.075,Southampton,,0,4.0
1100,3.0,0.0,29.0,0.0,4.0,21.075,Southampton,,0,4.0
1101,3.0,0.0,1.0,4.0,1.0,39.6875,Southampton,,1,5.0
1102,3.0,0.0,7.0,4.0,1.0,39.6875,Southampton,,1,5.0
1103,3.0,0.0,2.0,4.0,1.0,39.6875,Southampton,,1,5.0
1104,3.0,0.0,16.0,4.0,1.0,39.6875,Southampton,,1,5.0
1105,3.0,0.0,14.0,4.0,1.0,39.6875,Southampton,,1,5.0
1106,3.0,0.0,41.0,0.0,5.0,39.6875,Southampton,,0,5.0
1107,3.0,0.0,21.0,0.0,0.0,8.6625,Southampton,,1,0.0
1108,3.0,0.0,19.0,0.0,0.0,14.5,Southampton,,1,0.0
1109,3.0,0.0,,0.0,0.0,8.7125,Cherbourg,,1,0.0
1110,3.0,0.0,32.0,0.0,0.0,7.8958,Southampton,,1,0.0
1111,3.0,0.0,0.75,1.0,1.0,13.775,Southampton,,1,2.0
1112,3.0,0.0,3.0,1.0,1.0,13.775,Southampton,,0,2.0
1113,3.0,0.0,26.0,0.0,2.0,13.775,Southampton,,0,2.0
1114,3.0,0.0,,0.0,0.0,7.0,Southampton,,1,0.0
1115,3.0,0.0,,0.0,0.0,7.775,Southampton,,1,0.0
1116,3.0,0.0,,0.0,0.0,8.05,Southampton,,1,0.0
1117,3.0,0.0,21.0,0.0,0.0,7.925,Southampton,,1,0.0
1118,3.0,0.0,25.0,0.0,0.0,7.925,Southampton,,1,0.0
1119,3.0,0.0,22.0,0.0,0.0,7.25,Southampton,,1,0.0
1120,3.0,1.0,25.0,1.0,0.0,7.775,Southampton,,1,1.0
1121,3.0,1.0,,1.0,1.0,22.3583,Cherbourg,,1,2.0
1122,3.0,1.0,,1.0,1.0,22.3583,Cherbourg,F,0,2.0
1123,3.0,1.0,,0.0,2.0,22.3583,Cherbourg,,0,2.0
1124,3.0,0.0,,0.0,0.0,8.1375,Queenstown,,0,0.0
1125,3.0,0.0,24.0,0.0,0.0,8.05,Southampton,,1,0.0
1126,3.0,0.0,28.0,0.0,0.0,7.8958,Southampton,,0,0.0
1127,3.0,0.0,19.0,0.0,0.0,7.8958,Southampton,,1,0.0
1128,3.0,0.0,,0.0,0.0,7.8958,Southampton,,1,0.0
1129,3.0,0.0,25.0,1.0,0.0,7.775,Southampton,,1,1.0
1130,3.0,0.0,18.0,0.0,0.0,7.775,Southampton,,0,0.0
1131,3.0,1.0,32.0,0.0,0.0,8.05,Southampton,E,1,0.0
1132,3.0,0.0,,0.0,0.0,7.8958,Southampton,,1,0.0
1133,3.0,0.0,17.0,0.0,0.0,8.6625,Southampton,,1,0.0
1134,3.0,0.0,24.0,0.0,0.0,8.6625,Southampton,,1,0.0
1135,3.0,0.0,,0.0,0.0,7.8958,Southampton,,1,0.0
1136,3.0,0.0,,0.0,0.0,8.1125,Southampton,,0,0.0
1137,3.0,0.0,,0.0,0.0,7.2292,Cherbourg,,1,0.0
1138,3.0,0.0,,0.0,0.0,7.25,Southampton,,1,0.0
1139,3.0,0.0,38.0,0.0,0.0,7.8958,Southampton,,1,0.0
1140,3.0,0.0,21.0,0.0,0.0,8.05,Southampton,,1,0.0
1141,3.0,0.0,10.0,4.0,1.0,29.125,Queenstown,,1,5.0
1142,3.0,0.0,4.0,4.0,1.0,29.125,Queenstown,,1,5.0
1143,3.0,0.0,7.0,4.0,1.0,29.125,Queenstown,,1,5.0
1144,3.0,0.0,2.0,4.0,1.0,29.125,Queenstown,,1,5.0
1145,3.0,0.0,8.0,4.0,1.0,29.125,Queenstown,,1,5.0
1146,3.0,0.0,39.0,0.0,5.0,29.125,Queenstown,,0,5.0
1147,3.0,0.0,22.0,0.0,0.0,39.6875,Southampton,,0,0.0
1148,3.0,0.0,35.0,0.0,0.0,7.125,Southampton,,1,0.0
1149,3.0,1.0,,0.0,0.0,7.7208,Queenstown,,0,0.0
1150,3.0,0.0,,0.0,0.0,14.5,Southampton,,1,0.0
1151,3.0,0.0,,0.0,0.0,14.5,Southampton,,0,0.0
1152,3.0,0.0,50.0,1.0,0.0,14.5,Southampton,,1,1.0
1153,3.0,0.0,47.0,1.0,0.0,14.5,Southampton,,0,1.0
1154,3.0,0.0,,0.0,0.0,8.05,Southampton,,1,0.0
1155,3.0,0.0,,0.0,0.0,7.775,Southampton,,1,0.0
1156,3.0,0.0,2.0,1.0,1.0,20.2125,Southampton,,0,2.0
1157,3.0,0.0,18.0,1.0,1.0,20.2125,Southampton,,1,2.0
1158,3.0,0.0,41.0,0.0,2.0,20.2125,Southampton,,0,2.0
1159,3.0,1.0,,0.0,0.0,8.05,Southampton,,0,0.0
1160,3.0,0.0,50.0,0.0,0.0,8.05,Southampton,,1,0.0
1161,3.0,0.0,16.0,0.0,0.0,8.05,Southampton,,1,0.0
1162,3.0,1.0,,0.0,0.0,7.75,Queenstown,,1,0.0
1163,3.0,0.0,,0.0,0.0,24.15,Queenstown,,1,0.0
1164,3.0,0.0,,0.0,0.0,7.2292,Cherbourg,,1,0.0
1165,3.0,0.0,25.0,0.0,0.0,7.225,Cherbourg,,1,0.0
1166,3.0,0.0,,0.0,0.0,7.225,Cherbourg,,1,0.0
1167,3.0,0.0,,0.0,0.0,7.7292,Queenstown,,1,0.0
1168,3.0,0.0,,0.0,0.0,7.575,Southampton,,1,0.0
1169,3.0,0.0,38.5,0.0,0.0,7.25,Southampton,,1,0.0
1170,3.0,0.0,,8.0,2.0,69.55,Southampton,,1,10.0
1171,3.0,0.0,14.5,8.0,2.0,69.55,Southampton,,1,10.0
1172,3.0,0.0,,8.0,2.0,69.55,Southampton,,0,10.0
1173,3.0,0.0,,8.0,2.0,69.55,Southampton,,0,10.0
1174,3.0,0.0,,8.0,2.0,69.55,Southampton,,0,10.0
1175,3.0,0.0,,8.0,2.0,69.55,Southampton,,0,10.0
1176,3.0,0.0,,8.0,2.0,69.55,Southampton,,1,10.0
1177,3.0,0.0,,8.0,2.0,69.55,Southampton,,1,10.0
1178,3.0,0.0,,8.0,2.0,69.55,Southampton,,1,10.0
1179,3.0,0.0,,1.0,9.0,69.55,Southampton,,1,10.0
1180,3.0,0.0,,1.0,9.0,69.55,Southampton,,0,10.0
1181,3.0,0.0,24.0,0.0,0.0,9.325,Southampton,,1,0.0
1182,3.0,1.0,21.0,0.0,0.0,7.65,Southampton,,0,0.0
1183,3.0,0.0,39.0,0.0,0.0,7.925,Southampton,,1,0.0
1184,3.0,0.0,,2.0,0.0,21.6792,Cherbourg,,1,2.0
1185,3.0,0.0,,2.0,0.0,21.6792,Cherbourg,,1,2.0
1186,3.0,0.0,,2.0,0.0,21.6792,Cherbourg,,1,2.0
1187,3.0,1.0,1.0,1.0,1.0,16.7,Southampton,G,0,2.0
1188,3.0,1.0,24.0,0.0,2.0,16.7,Southampton,G,0,2.0
1189,3.0,1.0,4.0,1.0,1.0,16.7,Southampton,G,0,2.0
1190,3.0,1.0,25.0,0.0,0.0,9.5,Southampton,,1,0.0
1191,3.0,0.0,20.0,0.0,0.0,8.05,Southampton,,1,0.0
1192,3.0,0.0,24.5,0.0,0.0,8.05,Southampton,,1,0.0
1193,3.0,0.0,,0.0,0.0,7.725,Queenstown,,1,0.0
1194,3.0,0.0,,0.0,0.0,7.8958,Southampton,,1,0.0
1195,3.0,0.0,,0.0,0.0,7.75,Queenstown,,1,0.0
1196,3.0,1.0,29.0,0.0,0.0,9.5,Southampton,,1,0.0
1197,3.0,0.0,,0.0,0.0,15.1,Southampton,,1,0.0
1198,3.0,1.0,,0.0,0.0,7.7792,Queenstown,,0,0.0
1199,3.0,0.0,,0.0,0.0,8.05,Southampton,,1,0.0
1200,3.0,0.0,,0.0,0.0,8.05,Southampton,,1,0.0
1201,3.0,0.0,22.0,0.0,0.0,7.2292,Cherbourg,,1,0.0
1202,3.0,0.0,,0.0,0.0,8.05,Southampton,,1,0.0
1203,3.0,0.0,40.0,0.0,0.0,7.8958,Southampton,,1,0.0
1204,3.0,0.0,21.0,0.0,0.0,7.925,Southampton,,1,0.0
1205,3.0,1.0,18.0,0.0,0.0,7.4958,Southampton,,0,0.0
1206,3.0,0.0,4.0,3.0,2.0,27.9,Southampton,,1,5.0
1207,3.0,0.0,10.0,3.0,2.0,27.9,Southampton,,1,5.0
1208,3.0,0.0,9.0,3.0,2.0,27.9,Southampton,,0,5.0
1209,3.0,0.0,2.0,3.0,2.0,27.9,Southampton,,0,5.0
1210,3.0,0.0,40.0,1.0,4.0,27.9,Southampton,,1,5.0
1211,3.0,0.0,45.0,1.0,4.0,27.9,Southampton,,0,5.0
1212,3.0,0.0,,0.0,0.0,7.8958,Southampton,,1,0.0
1213,3.0,0.0,,0.0,0.0,8.05,Southampton,,1,0.0
1214,3.0,0.0,,0.0,0.0,8.6625,Southampton,,1,0.0
1215,3.0,0.0,,0.0,0.0,7.75,Queenstown,,1,0.0
1216,3.0,1.0,,0.0,0.0,7.7333,Queenstown,,0,0.0
1217,3.0,0.0,19.0,0.0,0.0,7.65,Southampton,F,1,0.0
1218,3.0,0.0,30.0,0.0,0.0,8.05,Southampton,,1,0.0
1219,3.0,0.0,,0.0,0.0,8.05,Southampton,,1,0.0
1220,3.0,0.0,32.0,0.0,0.0,8.05,Southampton,,1,0.0
1221,3.0,0.0,,0.0,0.0,7.8958,Southampton,,1,0.0
1222,3.0,0.0,33.0,0.0,0.0,8.6625,Cherbourg,,1,0.0
1223,3.0,1.0,23.0,0.0,0.0,7.55,Southampton,,0,0.0
1224,3.0,0.0,21.0,0.0,0.0,8.05,Southampton,,1,0.0
1225,3.0,0.0,60.5,0.0,0.0,,Southampton,,1,0.0
1226,3.0,0.0,19.0,0.0,0.0,7.8958,Southampton,,1,0.0
1227,3.0,0.0,22.0,0.0,0.0,9.8375,Southampton,,0,0.0
1228,3.0,1.0,31.0,0.0,0.0,7.925,Southampton,,1,0.0
1229,3.0,0.0,27.0,0.0,0.0,8.6625,Southampton,,1,0.0
1230,3.0,0.0,2.0,0.0,1.0,10.4625,Southampton,G,0,1.0
1231,3.0,0.0,29.0,1.0,1.0,10.4625,Southampton,G,0,2.0
1232,3.0,1.0,16.0,0.0,0.0,8.05,Southampton,,1,0.0
1233,3.0,1.0,44.0,0.0,0.0,7.925,Southampton,,1,0.0
1234,3.0,0.0,25.0,0.0,0.0,7.05,Southampton,,1,0.0
1235,3.0,0.0,74.0,0.0,0.0,7.775,Southampton,,1,0.0
1236,3.0,1.0,14.0,0.0,0.0,9.225,Southampton,,1,0.0
1237,3.0,0.0,24.0,0.0,0.0,7.7958,Southampton,,1,0.0
1238,3.0,1.0,25.0,0.0,0.0,7.7958,Southampton,,1,0.0
1239,3.0,0.0,34.0,0.0,0.0,8.05,Southampton,,1,0.0
1240,3.0,1.0,0.4167,0.0,1.0,8.5167,Cherbourg,,1,1.0
1241,3.0,0.0,,1.0,0.0,6.4375,Cherbourg,,1,1.0
1242,3.0,0.0,,0.0,0.0,6.4375,Cherbourg,,1,0.0
1243,3.0,0.0,,0.0,0.0,7.225,Cherbourg,,1,0.0
1244,3.0,1.0,16.0,1.0,1.0,8.5167,Cherbourg,,0,2.0
1245,3.0,0.0,,0.0,0.0,8.05,Southampton,,1,0.0
1246,3.0,0.0,,1.0,0.0,16.1,Southampton,,1,1.0
1247,3.0,1.0,,1.0,0.0,16.1,Southampton,,0,1.0
1248,3.0,0.0,32.0,0.0,0.0,7.925,Southampton,,1,0.0
1249,3.0,0.0,,0.0,0.0,7.75,Queenstown,F,1,0.0
1250,3.0,0.0,,0.0,0.0,7.8958,Southampton,,1,0.0
1251,3.0,0.0,30.5,0.0,0.0,8.05,Southampton,,1,0.0
1252,3.0,0.0,44.0,0.0,0.0,8.05,Southampton,,1,0.0
1253,3.0,0.0,,0.0,0.0,7.2292,Cherbourg,,1,0.0
1254,3.0,1.0,25.0,0.0,0.0,0.0,Southampton,,1,0.0
1255,3.0,0.0,,0.0,0.0,7.2292,Cherbourg,,1,0.0
1256,3.0,1.0,7.0,1.0,1.0,15.2458,Cherbourg,,1,2.0
1257,3.0,1.0,9.0,1.0,1.0,15.2458,Cherbourg,,0,2.0
1258,3.0,1.0,29.0,0.0,2.0,15.2458,Cherbourg,,0,2.0
1259,3.0,0.0,36.0,0.0,0.0,7.8958,Southampton,,1,0.0
1260,3.0,1.0,18.0,0.0,0.0,9.8417,Southampton,,0,0.0
1261,3.0,1.0,63.0,0.0,0.0,9.5875,Southampton,,0,0.0
1262,3.0,0.0,,1.0,1.0,14.5,Southampton,,1,2.0
1263,3.0,0.0,11.5,1.0,1.0,14.5,Southampton,,1,2.0
1264,3.0,0.0,40.5,0.0,2.0,14.5,Southampton,,1,2.0
1265,3.0,0.0,10.0,0.0,2.0,24.15,Southampton,,0,2.0
1266,3.0,0.0,36.0,1.0,1.0,24.15,Southampton,,1,2.0
1267,3.0,0.0,30.0,1.0,1.0,24.15,Southampton,,0,2.0
1268,3.0,0.0,,0.0,0.0,9.5,Southampton,,1,0.0
1269,3.0,0.0,33.0,0.0,0.0,9.5,Southampton,,1,0.0
1270,3.0,0.0,28.0,0.0,0.0,9.5,Southampton,,1,0.0
1271,3.0,0.0,28.0,0.0,0.0,9.5,Southampton,,1,0.0
1272,3.0,0.0,47.0,0.0,0.0,9.0,Southampton,,1,0.0
1273,3.0,0.0,18.0,2.0,0.0,18.0,Southampton,,0,2.0
1274,3.0,0.0,31.0,3.0,0.0,18.0,Southampton,,1,3.0
1275,3.0,0.0,16.0,2.0,0.0,18.0,Southampton,,1,2.0
1276,3.0,0.0,31.0,1.0,0.0,18.0,Southampton,,0,1.0
1277,3.0,1.0,22.0,0.0,0.0,7.225,Cherbourg,,1,0.0
1278,3.0,0.0,20.0,0.0,0.0,7.8542,Southampton,,1,0.0
1279,3.0,0.0,14.0,0.0,0.0,7.8542,Southampton,,0,0.0
1280,3.0,0.0,22.0,0.0,0.0,7.8958,Southampton,,1,0.0
1281,3.0,0.0,22.0,0.0,0.0,9.0,Southampton,,1,0.0
1282,3.0,0.0,,0.0,0.0,8.05,Southampton,,1,0.0
1283,3.0,0.0,,0.0,0.0,7.55,Southampton,,1,0.0
1284,3.0,0.0,,0.0,0.0,8.05,Southampton,,1,0.0
1285,3.0,0.0,32.5,0.0,0.0,9.5,Southampton,,1,0.0
1286,3.0,1.0,38.0,0.0,0.0,7.2292,Cherbourg,,0,0.0
1287,3.0,0.0,51.0,0.0,0.0,7.75,Southampton,,1,0.0
1288,3.0,0.0,18.0,1.0,0.0,6.4958,Southampton,,1,1.0
1289,3.0,0.0,21.0,1.0,0.0,6.4958,Southampton,,1,1.0
1290,3.0,1.0,47.0,1.0,0.0,7.0,Southampton,,0,1.0
1291,3.0,0.0,,0.0,0.0,8.7125,Southampton,,1,0.0
1292,3.0,0.0,,0.0,0.0,7.55,Southampton,,1,0.0
1293,3.0,0.0,,0.0,0.0,8.05,Southampton,,1,0.0
1294,3.0,0.0,28.5,0.0,0.0,16.1,Southampton,,1,0.0
1295,3.0,0.0,21.0,0.0,0.0,7.25,Southampton,,1,0.0
1296,3.0,0.0,27.0,0.0,0.0,8.6625,Southampton,,1,0.0
1297,3.0,0.0,,0.0,0.0,7.25,Southampton,,1,0.0
1298,3.0,0.0,36.0,0.0,0.0,9.5,Southampton,,1,0.0
1299,3.0,0.0,27.0,1.0,0.0,14.4542,Cherbourg,,1,1.0
1300,3.0,1.0,15.0,1.0,0.0,14.4542,Cherbourg,,0,1.0
1301,3.0,0.0,45.5,0.0,0.0,7.225,Cherbourg,,1,0.0
1302,3.0,0.0,,0.0,0.0,7.225,Cherbourg,,1,0.0
1303,3.0,0.0,,0.0,0.0,14.4583,Cherbourg,,1,0.0
1304,3.0,0.0,14.5,1.0,0.0,14.4542,Cherbourg,,0,1.0
1305,3.0,0.0,,1.0,0.0,14.4542,Cherbourg,,0,1.0
1306,3.0,0.0,26.5,0.0,0.0,7.225,Cherbourg,,1,0.0
1307,3.0,0.0,27.0,0.0,0.0,7.225,Cherbourg,,1,0.0
1308,3.0,0.0,29.0,0.0,0.0,7.875,Southampton,,1,0.0
1309,,,,,,,Unknown,,0,
