episode_id,title,season,doctorid,description,is_earth,is_past,is_present,is_future,is_outside_time,Producer,Director,Writer,Music,Has 10,Has 11,Has 12,Has 13,Has 9,Has Amy Pond,Has Bill,Has Clara,Has Cyberman,Has Dalek,Has Danny Pink,Has Donna Noble,Has Grace,Has Graham O'Brien,Has Jackie Tyler,Has Jenny Flint,Has Judoon,Has Kate Lethbridge-Stewart,Has Madame Kovarian,Has Madame Vastra,Has Martha Jones,Has Mickey Smith,Has Nardole,Has Ood,Has Osgood,Has River Song,Has Rory,Has Rose Tyler,Has Ryan Sinclair,Has Sarah Jane Smith,Has Sontaran,Has Sophie,Has The Master,Has The Silent,Has The War Doctor,Has Weeping Angel,Has Winston Churchill,Has Yasmin Khan,Has Zygon,date,rating,views,Aired_Fri,Aired_Mon,Aired_Sat,Aired_Sun,Aired_Tue
1.01,Rose,1,9,When ordinary shop-worker Rose Tyler meets a mysterious stranger called the Doctor she is drawn into his strange and dangerous world; her life will never be the same again.,0,0,0,0,0,Phil Collinson,Keith Boak,Russell T Davies,Murray Gold,0,0,0,0,1,0.0,0.0,0.0,0.0,0.0,0.0,0.0,0.0,0.0,1.0,0.0,0.0,0.0,0.0,0.0,0.0,1.0,0.0,0.0,0.0,0.0,0.0,1.0,0.0,0.0,0.0,0.0,0.0,0.0,0.0,0.0,0.0,0.0,0.0,2005-03-26,7.6,10.81,0,0,1,0,0
1.02,The End of the World,1,9,The Doctor takes Rose to the year 5 billion to witness the destruction of the Earth.,0,0,0,0,0,Phil Collinson,Euros Lyn,Russell T Davies,Murray Gold,0,0,0,0,1,0.0,0.0,0.0,0.0,0.0,0.0,0.0,0.0,0.0,1.0,0.0,0.0,0.0,0.0,0.0,0.0,0.0,0.0,0.0,0.0,0.0,0.0,1.0,0.0,0.0,0.0,0.0,0.0,0.0,0.0,0.0,0.0,0.0,0.0,2005-04-02,7.6,7.97,0,0,1,0,0
1.03,The Unquiet Dead,1,9,The Doctor has great expectations for his latest adventure when he and Rose join forces with Charles Dickens to investigate a mysterious plague of zombies.,0,0,0,0,0,Phil Collinson,Euros Lyn,Mark Gatiss,Murray Gold,0,0,0,0,1,0.0,0.0,0.0,0.0,0.0,0.0,0.0,0.0,0.0,0.0,0.0,0.0,0.0,0.0,0.0,0.0,0.0,0.0,0.0,0.0,0.0,0.0,1.0,0.0,0.0,0.0,0.0,0.0,0.0,0.0,0.0,0.0,0.0,0.0,2005-04-09,7.6,8.86,0,0,1,0,0
1.04,Aliens of London,1,9,"The Doctor returns Rose to her own time - well, sort of - but her family reunion is ruined when a spaceship crashes in the middle of London. What is the origin of the spaceship, and where has the Prime Minister gone in this time of crisis?",0,0,0,0,0,Phil Collinson,Keith Boak,Russell T Davies,Murray Gold,0,0,0,0,1,0.0,0.0,0.0,0.0,0.0,0.0,0.0,0.0,0.0,1.0,0.0,0.0,0.0,0.0,0.0,0.0,1.0,0.0,0.0,0.0,0.0,0.0,1.0,0.0,0.0,0.0,0.0,0.0,0.0,0.0,0.0,0.0,0.0,0.0,2005-04-16,7.0,7.63,0,0,1,0,0
1.05,World War Three,1,9,The Slitheen have infiltrated Parliament and have the Doctor and his friends trapped as the Doctor works to prevent them from starting World War Three.,0,0,0,0,0,Phil Collinson,Keith Boak,Russell T Davies,Murray Gold,0,0,0,0,1,0.0,0.0,0.0,0.0,0.0,0.0,0.0,0.0,0.0,1.0,0.0,0.0,0.0,0.0,0.0,0.0,1.0,0.0,0.0,0.0,0.0,0.0,1.0,0.0,0.0,0.0,0.0,0.0,0.0,0.0,0.0,0.0,0.0,0.0,2005-04-23,7.1,7.98,0,0,1,0,0
1.06,Dalek,1,9,"The TARDIS is drawn to an alien museum deep below the Utah desert, where a ruthless billionaire keeps prisoner the last of the Doctor's most fearsome enemies.",0,0,0,0,0,Phil Collinson,Joe Ahearne,Robert Shearman,Murray Gold,0,0,0,0,1,0.0,0.0,0.0,0.0,1.0,0.0,0.0,0.0,0.0,0.0,0.0,0.0,0.0,0.0,0.0,0.0,0.0,0.0,0.0,0.0,0.0,0.0,1.0,0.0,0.0,0.0,0.0,0.0,0.0,0.0,0.0,0.0,0.0,0.0,2005-04-30,8.7,8.63,0,0,1,0,0
1.07,The Long Game,1,9,"In the year 200,000 the Doctor discovers that a satellite with a dark secret is controlling humanity and slowing its development.",0,0,0,0,0,Phil Collinson,Brian Grant,Russell T Davies,Murray Gold,0,0,0,0,1,0.0,0.0,0.0,0.0,0.0,0.0,0.0,0.0,0.0,0.0,0.0,0.0,0.0,0.0,0.0,0.0,0.0,0.0,0.0,0.0,0.0,0.0,1.0,0.0,0.0,0.0,0.0,0.0,0.0,0.0,0.0,0.0,0.0,0.0,2005-05-07,7.2,8.01,0,0,1,0,0
1.08,Father's Day,1,9,"All of her life, Rose's mother told how great a man her father Pete was. He was killed by a hit and run driver when Rose was just a baby and among her many regrets was that her father died alone, just lying on the street. Rose asks the Doctor to take her back to that day. Rather than just be with him when he dies, she actually saves him and later admits that this was her plan all along. She soon realizes that her parents' marriage was not exactly the golden relationship she had claimed it to be. Far worse however, is that by saving her father, Rose has created a tear ...",0,0,0,0,0,Phil Collinson,Joe Ahearne,Paul Cornell,Murray Gold,0,0,0,0,1,0.0,0.0,0.0,0.0,0.0,0.0,0.0,0.0,0.0,1.0,0.0,0.0,0.0,0.0,0.0,0.0,0.0,0.0,0.0,0.0,0.0,0.0,1.0,0.0,0.0,0.0,0.0,0.0,0.0,0.0,0.0,0.0,0.0,0.0,2005-05-14,8.4,8.06,0,0,1,0,0
1.09,The Empty Child,1,9,"When a spaceship crashes in the middle of the London Blitz the Doctor, Rose and the enigmatic Captain Jack Harkness find themselves investigating a plague of physical injuries and a little boy in a gas mask.",0,0,0,0,0,Phil Collinson,James Hawes,Steven Moffat,Murray Gold,0,0,0,0,1,0.0,0.0,0.0,0.0,0.0,0.0,0.0,0.0,0.0,0.0,0.0,0.0,0.0,0.0,0.0,0.0,0.0,0.0,0.0,0.0,0.0,0.0,1.0,0.0,0.0,0.0,0.0,0.0,0.0,0.0,0.0,0.0,0.0,0.0,2005-05-21,9.2,7.11,0,0,1,0,0
1.1,The Doctor Dances,1,9,The gas mask zombies are on the rise as the plague spreads across war-torn London.,0,0,0,0,0,Phil Collinson,James Hawes,Steven Moffat,Murray Gold,0,0,0,0,1,0.0,0.0,0.0,0.0,0.0,0.0,0.0,0.0,0.0,0.0,0.0,0.0,0.0,0.0,0.0,0.0,0.0,0.0,0.0,0.0,0.0,0.0,1.0,0.0,0.0,0.0,0.0,0.0,0.0,0.0,0.0,0.0,0.0,0.0,2005-05-28,9.1,6.86,0,0,1,0,0
1.11,Boom Town,1,9,"Stopping off in present-day Cardiff to recharge the TARDIS, The Doctor, Rose and Jack encounter an old foe in the midst of hatching a scheme that could destroy the entire planet.",0,0,0,0,0,Phil Collinson,Joe Ahearne,Russell T Davies,Murray Gold,0,0,0,0,1,0.0,0.0,0.0,0.0,0.0,0.0,0.0,0.0,0.0,0.0,0.0,0.0,0.0,0.0,0.0,0.0,0.0,0.0,0.0,0.0,0.0,0.0,1.0,0.0,0.0,0.0,0.0,0.0,0.0,0.0,0.0,0.0,0.0,0.0,2005-06-04,7.2,7.68,0,0,1,0,0
1.12,Bad Wolf,1,9,The TARDIS team is separated and forced to compete in twisted and deadly games on the Game Station.,0,0,0,0,0,Phil Collinson,Joe Ahearne,Russell T Davies,Murray Gold,0,0,0,0,1,0.0,0.0,0.0,0.0,1.0,0.0,0.0,0.0,0.0,0.0,0.0,0.0,0.0,0.0,0.0,0.0,0.0,0.0,0.0,0.0,0.0,0.0,1.0,0.0,0.0,0.0,0.0,0.0,0.0,0.0,0.0,0.0,0.0,0.0,2005-06-11,8.7,6.81,0,0,1,0,0
1.13,The Parting of the Ways,1,9,"As the Dalek fleet begin their attack on the Earth, the Doctor and his allies make one final stand against his greatest foes and not everyone will make it out alive.",0,0,0,0,0,Phil Collinson,Joe Ahearne,Russell T Davies,Murray Gold,0,0,0,0,1,0.0,0.0,0.0,0.0,1.0,0.0,0.0,0.0,0.0,1.0,0.0,0.0,0.0,0.0,0.0,0.0,1.0,0.0,0.0,0.0,0.0,0.0,1.0,0.0,0.0,0.0,0.0,0.0,0.0,0.0,0.0,0.0,0.0,0.0,2005-06-18,9.1,6.91,0,0,1,0,0
2.0,The Christmas Invasion,2,10,"It's Christmas Eve, but this is to be a far from silent night - the cruel Sycorax have come to Earth to enslave mankind and, as ever, only The Doctor can stop them. Unfortunately, he's lying in a coma in Jackie's home...",0,0,0,0,0,Phil Collinson,James Hawes,Russell T Davies,Murray Gold,1,0,0,0,0,0.0,0.0,0.0,0.0,0.0,0.0,0.0,0.0,0.0,1.0,0.0,0.0,0.0,0.0,0.0,0.0,1.0,0.0,0.0,0.0,0.0,0.0,1.0,0.0,0.0,0.0,0.0,0.0,0.0,0.0,0.0,0.0,0.0,0.0,2005-12-25,8.2,9.84,0,0,0,1,0
2.01,New Earth,2,10,The Doctor and Rose arrive on New Earth and meet old friends and enemies in a hospital which can cure every disease. But the cures come at a terrible cost.,0,0,0,0,0,Phil Collinson,James Hawes,Russell T Davies,Murray Gold,1,0,0,0,0,0.0,0.0,0.0,0.0,0.0,0.0,0.0,0.0,0.0,1.0,0.0,0.0,0.0,0.0,0.0,0.0,1.0,0.0,0.0,0.0,0.0,0.0,1.0,0.0,0.0,0.0,0.0,0.0,0.0,0.0,0.0,0.0,0.0,0.0,2006-04-15,7.5,8.62,0,0,1,0,0
2.02,Tooth and Claw,2,10,"The Doctor and Rose are transported to 19th Century Scotland, where they meet Queen Victoria, and try to protect her from a ravenous werewolf and a band of assassinating warrior-monks",0,0,0,0,0,Phil Collinson,Euros Lyn,Russell T Davies,Murray Gold,1,0,0,0,0,0.0,0.0,0.0,0.0,0.0,0.0,0.0,0.0,0.0,0.0,0.0,0.0,0.0,0.0,0.0,0.0,0.0,0.0,0.0,0.0,0.0,0.0,1.0,0.0,0.0,0.0,0.0,0.0,0.0,0.0,0.0,0.0,0.0,0.0,2006-04-22,7.9,9.24,0,0,1,0,0
2.03,School Reunion,2,10,"The Krillitanes - aliens with a mix-and-match physiology - are trying to crack the 'God-Maker', a paradigm to give them ultimate power. They are using children as a computer, and only the Doctor and Rose, re-united with Sarah Jane Smith and K9 can prevent them from becoming masters of time and space.",0,0,0,0,0,Phil Collinson,James Hawes,Toby Whithouse,Murray Gold,1,0,0,0,0,0.0,0.0,0.0,0.0,0.0,0.0,0.0,0.0,0.0,0.0,0.0,0.0,0.0,0.0,0.0,0.0,1.0,0.0,0.0,0.0,0.0,0.0,1.0,0.0,1.0,0.0,0.0,0.0,0.0,0.0,0.0,0.0,0.0,0.0,2006-04-29,8.4,8.31,0,0,1,0,0
2.04,The Girl in the Fireplace,2,10,"The Doctor, Mickey and Rose land on a spaceship in the 51st century only to find 18th century Versailles on board, the time of Madame De Pompadour! To find out what's going on the Doctor must enter Versailles and save Madame De Popmpadour but it turns into an emotional roller coaster for the Doctor.",0,0,0,0,0,Phil Collinson,Euros Lyn,Steven Moffat,Murray Gold,1,0,0,0,0,0.0,0.0,0.0,0.0,0.0,0.0,0.0,0.0,0.0,0.0,0.0,0.0,0.0,0.0,0.0,0.0,1.0,0.0,0.0,0.0,0.0,0.0,1.0,0.0,0.0,0.0,0.0,0.0,0.0,0.0,0.0,0.0,0.0,0.0,2006-05-06,9.3,7.90,0,0,1,0,0
2.05,Rise of the Cybermen,2,10,"The TARDIS crash lands in London on a parallel world, where Rose's dad is still alive, people are disappearing off the streets and one of the Doctor's deadliest enemies is about to be reborn.",0,0,0,0,0,Phil Collinson,Graeme Harper,Tom MacRae,Murray Gold,1,0,0,0,0,0.0,0.0,0.0,1.0,0.0,0.0,0.0,0.0,0.0,1.0,0.0,0.0,0.0,0.0,0.0,0.0,1.0,0.0,0.0,0.0,0.0,0.0,1.0,0.0,0.0,0.0,0.0,0.0,0.0,0.0,0.0,0.0,0.0,0.0,2006-05-13,7.8,9.22,0,0,1,0,0
2.06,The Age of Steel,2,10,The Cybermen take control of London as the population is enslaved and the Doctor and his friends become fugitives.,0,0,0,0,0,Phil Collinson,Graeme Harper,Tom MacRae,Murray Gold,1,0,0,0,0,0.0,0.0,0.0,1.0,0.0,0.0,0.0,0.0,0.0,1.0,0.0,0.0,0.0,0.0,0.0,0.0,1.0,0.0,0.0,0.0,0.0,0.0,1.0,0.0,0.0,0.0,0.0,0.0,0.0,0.0,0.0,0.0,0.0,0.0,2006-05-20,7.9,7.64,0,0,1,0,0
2.07,The Idiot's Lantern,2,10,"As the coronation of Elizabeth II nears, the streets of London live in fear. Faceless people are stolen from their homes in the night and something evil is lurking in the television.",0,0,0,0,0,Phil Collinson,Euros Lyn,Mark Gatiss,Murray Gold,1,0,0,0,0,0.0,0.0,0.0,0.0,0.0,0.0,0.0,0.0,0.0,0.0,0.0,0.0,0.0,0.0,0.0,0.0,0.0,0.0,0.0,0.0,0.0,0.0,1.0,0.0,0.0,0.0,0.0,0.0,0.0,0.0,0.0,0.0,0.0,0.0,2006-05-27,6.9,6.76,0,0,1,0,0
2.08,The Impossible Planet,2,10,"When the Doctor and Rose become stranded on a planet orbiting a black hole, they find a human expedition crew and their servants, the Ood, being terrorised by the Devil.",0,0,0,0,0,Phil Collinson,James Strong,Matt Jones,Murray Gold,1,0,0,0,0,0.0,0.0,0.0,0.0,0.0,0.0,0.0,0.0,0.0,0.0,0.0,0.0,0.0,0.0,0.0,0.0,0.0,0.0,1.0,0.0,0.0,0.0,1.0,0.0,0.0,0.0,0.0,0.0,0.0,0.0,0.0,0.0,0.0,0.0,2006-06-03,8.7,6.32,0,0,1,0,0
2.09,The Satan Pit,2,10,"The Doctor risks his life to investigate the pit and is forced to make a terrible decision, while Rose and the crew fend for their lives against the Legion of the Beast.",0,0,0,0,0,Phil Collinson,James Strong,Matt Jones,Murray Gold,1,0,0,0,0,0.0,0.0,0.0,0.0,0.0,0.0,0.0,0.0,0.0,0.0,0.0,0.0,0.0,0.0,0.0,0.0,0.0,0.0,1.0,0.0,0.0,0.0,1.0,0.0,0.0,0.0,0.0,0.0,0.0,0.0,0.0,0.0,0.0,0.0,2006-06-10,8.8,6.08,0,0,1,0,0
2.1,Love and Monsters,2,10,"Elton Pope is an ordinary man intrigued by the world of the Doctor. When he and fellow enthusiasts - L.I.N.D.A. - meet the mysterious Victor Kennedy, their lives will never be the same again.",0,0,0,0,0,Phil Collinson,Dan Zeff,Russell T Davies,Murray Gold,1,0,0,0,0,0.0,0.0,0.0,0.0,0.0,0.0,0.0,0.0,0.0,1.0,0.0,0.0,0.0,0.0,0.0,0.0,0.0,0.0,0.0,0.0,0.0,0.0,1.0,0.0,0.0,0.0,0.0,0.0,0.0,0.0,0.0,0.0,0.0,0.0,2006-06-17,6.2,6.66,0,0,1,0,0
2.11,Fear Her,2,10,"When children vanish into thin air in 2012 London, the Doctor and Rose find the answers in a seemingly ordinary household and a girl whose drawings can come to life.",0,0,0,0,0,Phil Collinson,Euros Lyn,Matthew Graham,Murray Gold,1,0,0,0,0,0.0,0.0,0.0,0.0,0.0,0.0,0.0,0.0,0.0,0.0,0.0,0.0,0.0,0.0,0.0,0.0,0.0,0.0,0.0,0.0,0.0,0.0,1.0,0.0,0.0,0.0,0.0,0.0,0.0,0.0,0.0,0.0,0.0,0.0,2006-06-24,6.1,7.14,0,0,1,0,0
2.12,Army of Ghosts,2,10,"When ghosts of loved ones appear all over the world the Doctor traces the phenomena to the Torchwood Tower, where some old friends and enemies are waiting.",0,0,0,0,0,Phil Collinson,Graeme Harper,Russell T Davies,Murray Gold,1,0,0,0,0,0.0,0.0,0.0,1.0,1.0,0.0,0.0,0.0,0.0,1.0,0.0,0.0,0.0,0.0,0.0,0.0,1.0,0.0,0.0,0.0,0.0,0.0,1.0,0.0,0.0,0.0,0.0,0.0,0.0,0.0,0.0,0.0,0.0,0.0,2006-07-01,8.5,8.19,0,0,1,0,0
2.13,Doomsday,2,10,"Earth becomes a battleground for the Daleks and the Cybermen. With the whole planet at stake and the Genesis Ark activated, how much will the Doctor sacrifice in order to end the war?",0,0,0,0,0,Phil Collinson,Graeme Harper,Russell T Davies,Murray Gold,1,0,0,0,0,0.0,0.0,0.0,1.0,1.0,0.0,0.0,0.0,0.0,1.0,0.0,0.0,0.0,0.0,0.0,0.0,1.0,0.0,0.0,0.0,0.0,0.0,1.0,0.0,0.0,0.0,0.0,0.0,0.0,0.0,0.0,0.0,0.0,0.0,2006-07-08,9.3,8.22,0,0,1,0,0
3.0,The Runaway Bride,3,10,"The Doctor is baffled when a young woman is transported to the TARDIS on her wedding day, and attempts to find out how she is connected to an alien plot to destroy Earth.",0,0,0,0,0,Phil Collinson,Euros Lyn,Russell T Davies,Murray Gold,1,0,0,0,0,0.0,0.0,0.0,0.0,0.0,0.0,1.0,0.0,0.0,0.0,0.0,0.0,0.0,0.0,0.0,0.0,0.0,0.0,0.0,0.0,0.0,0.0,0.0,0.0,0.0,0.0,0.0,0.0,0.0,0.0,0.0,0.0,0.0,0.0,2006-12-25,7.6,9.38,0,1,0,0,0
3.01,Smith and Jones,3,10,"When the hospital she works at is transported to the moon, medical student Martha Jones joins forces with The Doctor to hunt down an alien fugitive before the oxygen runs out.",0,0,0,0,0,Phil Collinson,Charles Palmer,Russell T Davies,Murray Gold,1,0,0,0,0,0.0,0.0,0.0,0.0,0.0,0.0,0.0,0.0,0.0,0.0,0.0,1.0,0.0,0.0,0.0,1.0,0.0,0.0,0.0,0.0,0.0,0.0,0.0,0.0,0.0,0.0,0.0,0.0,0.0,0.0,0.0,0.0,0.0,0.0,2007-03-31,8.0,8.71,0,0,1,0,0
3.02,The Shakespeare Code,3,10,"The Doctor takes Martha to London in 1599, where William Shakespeare's new play is being used by three witches in an evil plan.",0,0,0,0,0,Phil Collinson,Charles Palmer,Gareth Roberts,Murray Gold,1,0,0,0,0,0.0,0.0,0.0,0.0,0.0,0.0,0.0,0.0,0.0,0.0,0.0,0.0,0.0,0.0,0.0,1.0,0.0,0.0,0.0,0.0,0.0,0.0,0.0,0.0,0.0,0.0,0.0,0.0,0.0,0.0,0.0,0.0,0.0,0.0,2007-04-07,7.8,7.23,0,0,1,0,0
3.03,Gridlock,3,10,"The Doctor takes Martha to New Earth, where she is kidnapped by two carjackers and taken to an underground Motorway, where the remainder of humanity on the planet live in perpetual gridlock.",0,0,0,0,0,Phil Collinson,Richard Clark,Russell T Davies,Murray Gold,1,0,0,0,0,0.0,0.0,0.0,0.0,0.0,0.0,0.0,0.0,0.0,0.0,0.0,0.0,0.0,0.0,0.0,1.0,0.0,0.0,0.0,0.0,0.0,0.0,0.0,0.0,0.0,0.0,0.0,0.0,0.0,0.0,0.0,0.0,0.0,0.0,2007-04-14,8.1,8.40,0,0,1,0,0
3.04,Daleks in Manhattan,3,10,"The Doctor and Martha travel to New York in 1930, where people have been mysteriously vanishing from the streets, and an old enemy resurfaces.",0,0,0,0,0,Phil Collinson,James Strong,Helen Raynor,Murray Gold,1,0,0,0,0,0.0,0.0,0.0,0.0,1.0,0.0,0.0,0.0,0.0,0.0,0.0,0.0,0.0,0.0,0.0,1.0,0.0,0.0,0.0,0.0,0.0,0.0,0.0,0.0,0.0,0.0,0.0,0.0,0.0,0.0,0.0,0.0,0.0,0.0,2007-04-21,7.0,6.69,0,0,1,0,0
3.05,Evolution of the Daleks,3,10,"Concluding part to Daleks in Manhattan. In 1930s New York, the Daleks' plan is in full force. Faced with the cyborgs' most evil and dangerous scheme yet, will the Doctor and Martha be able to defeat their greatest opponents?",0,0,0,0,0,Phil Collinson,James Strong,Helen Raynor,Murray Gold,1,0,0,0,0,0.0,0.0,0.0,0.0,1.0,0.0,0.0,0.0,0.0,0.0,0.0,0.0,0.0,0.0,0.0,1.0,0.0,0.0,0.0,0.0,0.0,0.0,0.0,0.0,0.0,0.0,0.0,0.0,0.0,0.0,0.0,0.0,0.0,0.0,2007-04-28,7.0,6.97,0,0,1,0,0
3.06,The Lazarus Experiment,3,10,The famous Dr Lazarus has appeared to discover the secret of eternal youth - but do his experiments hide a sinister secret?,0,0,0,0,0,Phil Collinson,Richard Clark,Stephen Greenhorn,Murray Gold,1,0,0,0,0,0.0,0.0,0.0,0.0,0.0,0.0,0.0,0.0,0.0,0.0,0.0,0.0,0.0,0.0,0.0,1.0,0.0,0.0,0.0,0.0,0.0,0.0,0.0,0.0,0.0,0.0,0.0,0.0,0.0,0.0,0.0,0.0,0.0,0.0,2007-05-05,6.7,7.19,0,0,1,0,0
3.07,42,3,10,"On a spaceship headed straight for the centre of the sun, the Doctor only has 42 minutes to save Martha and the ship's crew from an inevitable doom.",0,0,0,0,0,Phil Collinson,Graeme Harper,Chris Chibnall,Murray Gold,1,0,0,0,0,0.0,0.0,0.0,0.0,0.0,0.0,0.0,0.0,0.0,0.0,0.0,0.0,0.0,0.0,0.0,1.0,0.0,0.0,0.0,0.0,0.0,0.0,0.0,0.0,0.0,0.0,0.0,0.0,0.0,0.0,0.0,0.0,0.0,0.0,2007-05-19,7.5,7.41,0,0,1,0,0
3.08,Human Nature,3,10,"In 1913, Martha watches in jealousy from afar as The Doctor learns what it is to be human and to fall in love with the local school nurse, Joan Redfern.",0,0,0,0,0,Susie Liggat,Charles Palmer,Paul Cornell,Murray Gold,1,0,0,0,0,0.0,0.0,0.0,0.0,0.0,0.0,0.0,0.0,0.0,0.0,0.0,0.0,0.0,0.0,0.0,1.0,0.0,0.0,0.0,0.0,0.0,0.0,0.0,0.0,0.0,0.0,0.0,0.0,0.0,0.0,0.0,0.0,0.0,0.0,2007-05-26,9.0,7.74,0,0,1,0,0
3.09,Family of Blood,3,10,"The Doctor must deal with the repercussions of his decision to become human, as The Family Of Blood unveil themselves...",0,0,0,0,0,Susie Liggat,Charles Palmer,Paul Cornell,Murray Gold,1,0,0,0,0,0.0,0.0,0.0,0.0,0.0,0.0,0.0,0.0,0.0,0.0,0.0,0.0,0.0,0.0,0.0,1.0,0.0,0.0,0.0,0.0,0.0,0.0,0.0,0.0,0.0,0.0,0.0,0.0,0.0,0.0,0.0,0.0,0.0,0.0,2007-06-02,9.2,7.21,0,0,1,0,0
3.1,Blink,3,10,Sally Sparrow receives a cryptic message from the Doctor about a mysterious new enemy species that is after the TARDIS.,0,0,0,0,0,Phil Collinson,Hettie MacDonald,Steven Moffat,Murray Gold,1,0,0,0,0,0.0,0.0,0.0,0.0,0.0,0.0,0.0,0.0,0.0,0.0,0.0,0.0,0.0,0.0,0.0,1.0,0.0,0.0,0.0,0.0,0.0,0.0,0.0,0.0,0.0,0.0,0.0,0.0,0.0,0.0,0.0,0.0,0.0,0.0,2007-06-09,9.8,6.62,0,0,1,0,0
3.11,Utopia,3,10,"Soon after bumping into old friend Jack Harkness, Martha and The Doctor head off to Malcassairo, a distant planet where an old professor will do anything he can to keep his people alive...",0,0,0,0,0,Phil Collinson,Graeme Harper,Russell T Davies,Murray Gold,1,0,0,0,0,0.0,0.0,0.0,0.0,0.0,0.0,0.0,0.0,0.0,0.0,0.0,0.0,0.0,0.0,0.0,1.0,0.0,0.0,0.0,0.0,0.0,0.0,1.0,0.0,0.0,0.0,0.0,1.0,0.0,0.0,0.0,0.0,0.0,0.0,2007-06-16,8.8,7.84,0,0,1,0,0
3.12,The Sound of Drums,3,10,"The Doctor, Martha and Jack return to the 21st Century eighteen months after the Doctor and Martha left. They find they've missed the election, and the new Prime Minister, Harold Saxon, is someone they've met before by another name.",0,0,0,0,0,Phil Collinson,Colin Teague,Russell T Davies,Murray Gold,1,0,0,0,0,0.0,0.0,0.0,0.0,0.0,0.0,0.0,0.0,0.0,0.0,0.0,0.0,0.0,0.0,0.0,1.0,0.0,0.0,0.0,0.0,0.0,0.0,0.0,0.0,0.0,0.0,0.0,1.0,0.0,0.0,0.0,0.0,0.0,0.0,2007-06-23,8.7,7.51,0,0,1,0,0
3.13,Last of the Time Lords,3,10,"It's been a year since The Master unleashed the mysterious Toclafane onto Earth. With the human race and The Doctor enslaved under The Master's control, Martha Jones is the only person that can help stop the evil Time Lord.",0,0,0,0,0,Phil Collinson,Colin Teague,Russell T Davies,Murray Gold,1,0,0,0,0,0.0,0.0,0.0,0.0,0.0,0.0,0.0,0.0,0.0,0.0,0.0,0.0,0.0,0.0,0.0,1.0,0.0,0.0,0.0,0.0,0.0,0.0,0.0,0.0,0.0,0.0,0.0,1.0,0.0,0.0,0.0,0.0,0.0,0.0,2007-06-30,8.4,8.61,0,0,1,0,0
4.0,Voyage of the Damned,4,10,"A spacecraft set on an apocalyptic collision course with Earth, a host of killer robot angels and an evil severed headed mastermind - it's just another Christmas for the Doctor... 2007 Christmas special guest starring Kylie Minogue.",0,0,0,0,0,Phil Collinson,James Strong,Russell T Davies,Murray Gold,1,0,0,0,0,0.0,0.0,0.0,0.0,0.0,0.0,0.0,0.0,0.0,0.0,0.0,0.0,0.0,0.0,0.0,0.0,0.0,0.0,0.0,0.0,0.0,0.0,0.0,0.0,0.0,0.0,0.0,0.0,0.0,0.0,0.0,0.0,0.0,0.0,2007-12-25,7.7,13.31,0,0,0,0,1
4.01,Partners in Crime,4,10,"With a new weight-loss pill tested in London by Adipose Industries, The Doctor goes to investigate the sinister truth behind the product, only to find out that his old friend Donna Noble is investigating as well.",0,0,0,0,0,Phil Collinson,James Strong,Russell T Davies,Murray Gold,1,0,0,0,0,0.0,0.0,0.0,0.0,0.0,0.0,1.0,0.0,0.0,0.0,0.0,0.0,0.0,0.0,0.0,0.0,0.0,0.0,0.0,0.0,0.0,0.0,1.0,0.0,0.0,0.0,0.0,0.0,0.0,0.0,0.0,0.0,0.0,0.0,2008-04-05,7.8,9.14,0,0,1,0,0
4.02,The Fires of Pompeii,4,10,"Instead in Rome, The Doctor and Donna Noble end up visiting Pompeii in AD 79, on the eve of the catastrophic eruption of Mount Vesuvius, before anyone even knew it was actually a volcano.The entire city is doomed for destruction.",0,0,0,0,0,Phil Collinson,Colin Teague,James Moran,Murray Gold,1,0,0,0,0,0.0,0.0,0.0,0.0,0.0,0.0,1.0,0.0,0.0,0.0,0.0,0.0,0.0,0.0,0.0,0.0,0.0,0.0,0.0,0.0,0.0,0.0,0.0,0.0,0.0,0.0,0.0,0.0,0.0,0.0,0.0,0.0,0.0,0.0,2008-04-12,8.1,9.04,0,0,1,0,0
4.03,Planet of the Ood,4,10,"Finding themselves on the Ood-Sphere planet in the 42nd century, The Doctor and Donna discover the truth over the Ood's willingness to serve humankind.",0,0,0,0,0,Susie Liggat,Graeme Harper,Keith Temple,Murray Gold,1,0,0,0,0,0.0,0.0,0.0,0.0,0.0,0.0,1.0,0.0,0.0,0.0,0.0,0.0,0.0,0.0,0.0,0.0,0.0,0.0,1.0,0.0,0.0,0.0,0.0,0.0,0.0,0.0,0.0,0.0,0.0,0.0,0.0,0.0,0.0,0.0,2008-04-19,8.1,7.50,0,0,1,0,0
4.04,The Sontaran Stratagem,4,10,UNIT's newest recruit Martha Jones enlists The Doctor's help to investigate kid genius Luke Rattigan and his ATMOS system that is used in every car on Earth.,0,0,0,0,0,Susie Liggat,Douglas Mackinnon,Helen Raynor,Murray Gold,1,0,0,0,0,0.0,0.0,0.0,0.0,0.0,0.0,1.0,0.0,0.0,0.0,0.0,0.0,0.0,0.0,0.0,1.0,0.0,0.0,0.0,0.0,0.0,0.0,0.0,0.0,0.0,1.0,0.0,0.0,0.0,0.0,0.0,0.0,0.0,0.0,2008-04-26,7.5,7.06,0,0,1,0,0
4.05,The Poison Sky,4,10,"With planet Earth choking under the poison sky, the Doctor must stop the Sontarans' threat to the planet.",0,0,0,0,0,Susie Liggat,Douglas Mackinnon,Helen Raynor,Murray Gold,1,0,0,0,0,0.0,0.0,0.0,0.0,0.0,0.0,1.0,0.0,0.0,0.0,0.0,0.0,0.0,0.0,0.0,1.0,0.0,0.0,0.0,0.0,0.0,0.0,1.0,0.0,0.0,1.0,0.0,0.0,0.0,0.0,0.0,0.0,0.0,0.0,2008-05-03,7.6,6.53,0,0,1,0,0
4.06,The Doctor's Daughter,4,10,"Caught in the middle of a war between the Humans and the Hath in the planet Messaline, the Doctor finds himself once again a father.",0,0,0,0,0,Phil Collinson,Alice Troughton,Stephen Greenhorn,Murray Gold,1,0,0,0,0,0.0,0.0,0.0,0.0,0.0,0.0,1.0,0.0,0.0,0.0,0.0,0.0,0.0,0.0,0.0,1.0,0.0,0.0,0.0,0.0,0.0,0.0,0.0,0.0,0.0,0.0,0.0,0.0,0.0,0.0,0.0,0.0,0.0,0.0,2008-05-10,7.7,7.33,0,0,1,0,0
4.07,The Unicorn and the Wasp,4,10,"With a 1926 dinner party turning into a murder mystery, The Doctor and Donna Noble get the chance to meet Agatha Christie on the eve of her well-known 9-days disappearance.",0,0,0,0,0,Susie Liggat,Graeme Harper,Gareth Roberts,Murray Gold,1,0,0,0,0,0.0,0.0,0.0,0.0,0.0,0.0,1.0,0.0,0.0,0.0,0.0,0.0,0.0,0.0,0.0,0.0,0.0,0.0,0.0,0.0,0.0,0.0,0.0,0.0,0.0,0.0,0.0,0.0,0.0,0.0,0.0,0.0,0.0,0.0,2008-05-17,7.8,8.41,0,0,1,0,0
4.08,Silence in the Library,4,10,The Doctor and Donna join a group of archaeologists at a 51st century library. What caused the library to become abandoned? What are the Nodes? And what links the library to one little girl? All they have is one warning - count the shadows.,0,0,0,0,0,Phil Collinson,Euros Lyn,Steven Moffat,Murray Gold,1,0,0,0,0,0.0,0.0,0.0,0.0,0.0,0.0,1.0,0.0,0.0,0.0,0.0,0.0,0.0,0.0,0.0,0.0,0.0,0.0,0.0,0.0,0.0,0.0,0.0,0.0,0.0,0.0,0.0,0.0,0.0,0.0,0.0,0.0,0.0,0.0,2008-05-31,9.4,6.27,0,0,1,0,0
4.09,Forest of the Dead,4,10,"With the library darkening, the Doctor takes on the Vashta Nerada while figuring out what links River Song to his future. Meanwhile, Donna finds out the mystery of Dr. Moon and the Girl.",0,0,0,0,0,Phil Collinson,Euros Lyn,Steven Moffat,Murray Gold,1,0,0,0,0,0.0,0.0,0.0,0.0,0.0,0.0,1.0,0.0,0.0,0.0,0.0,0.0,0.0,0.0,0.0,0.0,0.0,0.0,0.0,0.0,0.0,0.0,0.0,0.0,0.0,0.0,0.0,0.0,0.0,0.0,0.0,0.0,0.0,0.0,2008-06-07,9.5,7.84,0,0,1,0,0
4.1,Midnight,4,10,"As part of a well-deserved holiday, the Doctor takes a tour on a planet called Midnight. Little does he know that something is knocking on the walls, although the planet shouldn't be inhabited. Soon the passengers begin to panic when one of them is possessed.",0,0,0,0,0,Phil Collinson,Alice Troughton,Russell T Davies,Murray Gold,1,0,0,0,0,0.0,0.0,0.0,0.0,0.0,0.0,1.0,0.0,0.0,0.0,0.0,0.0,0.0,0.0,0.0,0.0,0.0,0.0,0.0,0.0,0.0,0.0,1.0,0.0,0.0,0.0,0.0,0.0,0.0,0.0,0.0,0.0,0.0,0.0,2008-06-14,9.0,8.05,0,0,1,0,0
4.11,Turn Left,4,10,"What would happen if Donna never met the Doctor? How would Earth handle the Racnoss, the falling Titanic or the Sontarans? Aided by a familiar blonde time traveler, Donna corrects the alternate time line from happening.",0,0,0,0,0,Susie Liggat,Graeme Harper,Russell T Davies,Murray Gold,1,0,0,0,0,0.0,0.0,0.0,0.0,0.0,0.0,1.0,0.0,0.0,0.0,0.0,0.0,0.0,0.0,0.0,0.0,0.0,0.0,0.0,0.0,0.0,0.0,1.0,0.0,0.0,0.0,0.0,0.0,0.0,0.0,0.0,0.0,0.0,0.0,2008-06-21,8.9,8.09,0,0,1,0,0
4.12,The Stolen Earth,4,10,"The return of an old enemy leaves Earth along with 26 other planets stolen from their places. As the Doctor and Donna look for the whereabouts of Earth, former companions of the Doctor assemble a resistance against the new Dalek Empire.",0,0,0,0,0,Phil Collinson,Graeme Harper,Russell T Davies,Murray Gold,1,0,0,0,0,0.0,0.0,0.0,0.0,1.0,0.0,1.0,0.0,0.0,0.0,0.0,1.0,0.0,0.0,0.0,1.0,0.0,0.0,0.0,0.0,0.0,0.0,1.0,0.0,1.0,0.0,0.0,0.0,0.0,0.0,0.0,0.0,0.0,0.0,2008-06-28,9.1,8.78,0,0,1,0,0
4.13,Journey's End,4,10,"In the wake of Davros' threat to destroy the existence of the Universe itself, the Doctor's companions unite to stop the Dalek empire. Which one will die by the prophecies and what will the fate be for the Doctor?",0,0,0,0,0,Phil Collinson,Graeme Harper,Russell T Davies,Murray Gold,1,0,0,0,0,0.0,0.0,0.0,0.0,1.0,0.0,1.0,0.0,0.0,1.0,0.0,1.0,0.0,0.0,0.0,1.0,1.0,0.0,0.0,0.0,0.0,0.0,1.0,0.0,1.0,0.0,0.0,0.0,0.0,0.0,0.0,0.0,0.0,0.0,2008-07-05,9.1,10.57,0,0,1,0,0
5.01,The Eleventh Hour,5,11,"With his TARDIS in ruins, the newly-regenerated Doctor with the help of Amy Pond must save the world in less than twenty minutes from galactic policemen known as the Atraxi.",0,0,0,0,0,Tracie Simpson,Adam Smith,Steven Moffat,Murray Gold,0,1,0,0,0,1.0,0.0,0.0,0.0,0.0,0.0,0.0,0.0,0.0,0.0,0.0,0.0,0.0,0.0,0.0,0.0,0.0,0.0,0.0,0.0,0.0,1.0,0.0,0.0,0.0,0.0,0.0,0.0,0.0,0.0,0.0,0.0,0.0,0.0,2010-04-03,8.8,10.08,0,0,1,0,0
5.02,The Beast Below,5,11,"The Doctor takes Amy to the future inside Starship UK, which contains in addition to British explorers, an intimidating race known as the Smilers.",0,0,0,0,0,Peter Bennett,Andrew Gunn,Steven Moffat,Murray Gold,0,1,0,0,0,1.0,0.0,0.0,0.0,0.0,0.0,0.0,0.0,0.0,0.0,0.0,0.0,0.0,0.0,0.0,0.0,0.0,0.0,0.0,0.0,0.0,0.0,0.0,0.0,0.0,0.0,0.0,0.0,0.0,0.0,0.0,1.0,0.0,0.0,2010-04-10,7.6,8.42,0,0,1,0,0
5.03,Victory of the Daleks,5,11,"The TARDIS takes The Doctor and Amy to war-torn Britain in the middle of World War Two. Not only do they meet Winston Churchill himself, but the Doctor comes face to face once again with his greatest enemy of all.",0,0,0,0,0,Peter Bennett,Andrew Gunn,Mark Gatiss,Murray Gold,0,1,0,0,0,1.0,0.0,0.0,0.0,1.0,0.0,0.0,0.0,0.0,0.0,0.0,0.0,0.0,0.0,0.0,0.0,0.0,0.0,0.0,0.0,0.0,0.0,0.0,0.0,0.0,0.0,0.0,0.0,0.0,0.0,0.0,1.0,0.0,0.0,2010-04-17,6.8,7.82,0,0,1,0,0
5.04,The Time of Angels,5,11,"The Doctor and Amy emerge from the TARDIS to find the wreck of the Byzantium spaceship. Down below the Weeping Angels are stirring, but the Doctor has someone else to contend with; none other than the mysterious Professor River Song.",0,0,0,0,0,Tracie Simpson,Adam Smith,Steven Moffat,Murray Gold,0,1,0,0,0,1.0,0.0,0.0,0.0,0.0,0.0,0.0,0.0,0.0,0.0,0.0,0.0,0.0,0.0,0.0,0.0,0.0,0.0,0.0,0.0,1.0,0.0,0.0,0.0,0.0,0.0,0.0,0.0,0.0,0.0,1.0,0.0,0.0,0.0,2010-04-24,8.7,8.59,0,0,1,0,0
5.05,Flesh and Stone,5,11,"The Doctor, Amy, Dr. Song and the remaining soldiers manage to escape from the crashed ship and into the forest. The Angels attempt to create a rift in time and space much as the Doctor had found in Amy's room when they first met. Amy meanwhile is counting down from 10 minutes and the Doctor has determined that an Angel has taken over her mind.",0,0,0,0,0,Tracie Simpson,Adam Smith,Steven Moffat,Murray Gold,0,1,0,0,0,1.0,0.0,0.0,0.0,0.0,0.0,0.0,0.0,0.0,0.0,0.0,0.0,0.0,0.0,0.0,0.0,0.0,0.0,0.0,0.0,1.0,0.0,0.0,0.0,0.0,0.0,0.0,0.0,0.0,0.0,1.0,0.0,0.0,0.0,2010-05-01,8.6,8.50,0,0,1,0,0
5.06,The Vampires of Venice,5,11,The Doctor and Amy cross swords in more ways than one with a horde of blood-sucking vampires in 16th century Venice.,0,0,0,0,0,Patrick Schweitzer,Jonny Campbell,Toby Whithouse,Murray Gold,0,1,0,0,0,1.0,0.0,0.0,0.0,0.0,0.0,0.0,0.0,0.0,0.0,0.0,0.0,0.0,0.0,0.0,0.0,0.0,0.0,0.0,0.0,0.0,1.0,0.0,0.0,0.0,0.0,0.0,0.0,0.0,0.0,0.0,0.0,0.0,0.0,2010-05-08,7.1,7.68,0,0,1,0,0
5.07,Amy's Choice,5,11,"Five years after finally leaving the TARDIS Amy and Rory now married, live in the quiet little village of Leadworth. But everything is not what it would seem.",0,0,0,0,0,Tracie Simpson,Catherine Morshead,Simon Nye,Murray Gold,0,1,0,0,0,1.0,0.0,0.0,0.0,0.0,0.0,0.0,0.0,0.0,0.0,0.0,0.0,0.0,0.0,0.0,0.0,0.0,0.0,0.0,0.0,0.0,1.0,0.0,0.0,0.0,0.0,0.0,0.0,0.0,0.0,0.0,0.0,0.0,0.0,2010-05-15,8.2,7.55,0,0,1,0,0
5.08,The Hungry Earth,5,11,"The Doctor tries to get everyone to Rio, but nothing quite goes as planned. They arrive in a small Welsh village where the Doctor immediately senses that the ground isn't quite right. There is a drilling rig nearby that has reached a depth of 21 kilometers when odd things begin to happen. A local village man has disappeared and soon after Amy is swallowed into the ground. The Doctor realizes that the drilling has disturbed an ancient reptilian race that has lived deep underground for thousands upon thousands of years and who are determined to protect themselves ...",0,0,0,0,0,Peter Bennett,Ashley Way,Chris Chibnall,Murray Gold,0,1,0,0,0,1.0,0.0,0.0,0.0,0.0,0.0,0.0,0.0,0.0,0.0,0.0,0.0,0.0,0.0,0.0,0.0,0.0,0.0,0.0,0.0,0.0,1.0,0.0,0.0,0.0,0.0,0.0,0.0,0.0,0.0,0.0,0.0,0.0,0.0,2010-05-22,7.3,6.49,0,0,1,0,0
5.09,Cold Blood,5,11,"The Doctor and Nasreen Chaudry go deep underground and find an ancient society that has been disturbed by the drilling. They are gassed and taken prisoner just as Amy manages to free herself. The military commander of the underground reptilians, Restac, is convinced that the ""apes' - their term for humans - are an invading force. Calmer heads prevail and the Doctor manages to negotiate a truce pending the transfer of prisoners which he, and some of the more pacifist members of the reptilians, hopes will lead to a lasting peace. The only problem is that Alaya, the ...",0,0,0,0,0,Peter Bennett,Ashley Way,Chris Chibnall,Murray Gold,0,1,0,0,0,1.0,0.0,0.0,0.0,0.0,0.0,0.0,0.0,0.0,0.0,0.0,0.0,0.0,0.0,0.0,0.0,0.0,0.0,0.0,0.0,0.0,1.0,0.0,0.0,0.0,0.0,0.0,0.0,0.0,0.0,0.0,0.0,0.0,0.0,2010-05-29,7.5,7.49,0,0,1,0,0
5.1,Vincent and the Doctor,5,11,The Doctor and Amy travel back in time to meet Vincent Van Gogh and face an invisible monster that only the painter can see.,0,0,0,0,0,Patrick Schweitzer,Jonny Campbell,Richard Curtis,Murray Gold,0,1,0,0,0,1.0,0.0,0.0,0.0,0.0,0.0,0.0,0.0,0.0,0.0,0.0,0.0,0.0,0.0,0.0,0.0,0.0,0.0,0.0,0.0,0.0,0.0,0.0,0.0,0.0,0.0,0.0,0.0,0.0,0.0,0.0,0.0,0.0,0.0,2010-06-05,9.3,6.76,0,0,1,0,0
5.11,The Lodger,5,11,"No sooner does the TARDIS land on Earth that it leaves again - but without the Doctor who had just stepped outside. The Doctor soon finds himself at the home of Craig Owens, who has been advertising for a lodger. There's clearly something odd in the house with people being lured to the upstairs room, but never reappearing. The Doctor is having a good time of it and is having a bit of fun; he proves to be a rather good football player. Craig the landlord is very much in love with Sophie but can't quite bring himself to tell her. The Doctor tries to help them out. But ...",0,0,0,0,0,Tracie Simpson,Catherine Morshead,Gareth Roberts,Murray Gold,0,1,0,0,0,1.0,0.0,0.0,0.0,0.0,0.0,0.0,0.0,0.0,0.0,0.0,0.0,0.0,0.0,0.0,0.0,0.0,0.0,0.0,0.0,0.0,0.0,0.0,0.0,0.0,0.0,1.0,0.0,0.0,0.0,0.0,0.0,0.0,0.0,2010-06-12,8.3,6.44,0,0,1,0,0
5.12,The Pandorica Opens,5,11,"River Song returns to deliver The Doctor a serious warning from his allies: the mythical Pandorica, said to contain the most feared creature in the entire Universe, is opening.",0,0,0,0,0,Peter Bennett,Toby Haynes,Steven Moffat,Murray Gold,0,1,0,0,0,1.0,0.0,0.0,1.0,1.0,0.0,0.0,0.0,0.0,0.0,0.0,1.0,0.0,0.0,0.0,0.0,0.0,0.0,0.0,0.0,1.0,1.0,0.0,0.0,0.0,0.0,0.0,0.0,0.0,0.0,0.0,1.0,0.0,0.0,2010-06-19,9.1,7.58,0,0,1,0,0
5.13,The Big Bang,5,11,"The Pandorica opened, silence fell, and now planet Earth is left alone in the universe. Jumping through time, the doctor must figure out a way to bring back those who never were and save his friends from the collapse of reality.",0,0,0,0,0,Peter Bennett,Toby Haynes,Steven Moffat,Murray Gold,0,1,0,0,0,1.0,0.0,0.0,0.0,1.0,0.0,0.0,0.0,0.0,0.0,0.0,0.0,0.0,0.0,0.0,0.0,0.0,0.0,0.0,0.0,1.0,1.0,0.0,0.0,0.0,0.0,0.0,0.0,0.0,0.0,0.0,0.0,0.0,0.0,2010-06-26,9.2,6.70,0,0,1,0,0
6.0,A Christmas Carol,6,11,"A space liner, with a large number of passengers aboard, is in difficulties while flying through the atmosphere of an unknown planet. Amy and Rory have been spending some time on board in the honeymoon suite and they quickly appear on deck. Amy calls the doctor for help and the TARDIS soon appears ahead of the ship. However the Doctor cannot save them and the only other option is to land on the planet below. There the Doctor meets a Scrooge like figure by the name of Kazran Sardick, the only person that can save Amy, Rory and all the other lives on the Spacecraft. The...",0,0,0,0,0,Sanne Wohlenberg,Toby Haynes,Steven Moffat,Murray Gold,0,1,0,0,0,1.0,0.0,0.0,0.0,0.0,0.0,0.0,0.0,0.0,0.0,0.0,0.0,0.0,0.0,0.0,0.0,0.0,0.0,0.0,0.0,0.0,1.0,0.0,0.0,0.0,0.0,0.0,0.0,0.0,0.0,0.0,0.0,0.0,0.0,2010-12-25,8.6,12.11,0,0,1,0,0
6.01,The Impossible Astronaut,6,11,"The Doctor, Amy, Rory and River Song are reunited in the Utah desert.",0,0,0,0,0,Marcus Wilson,Toby Haynes,Steven Moffat,Murray Gold,0,1,0,0,0,1.0,0.0,0.0,0.0,0.0,0.0,0.0,0.0,0.0,0.0,0.0,0.0,0.0,0.0,0.0,0.0,0.0,0.0,0.0,0.0,1.0,1.0,0.0,0.0,0.0,0.0,0.0,0.0,1.0,0.0,0.0,0.0,0.0,0.0,2011-04-23,8.9,8.86,0,0,1,0,0
6.02,Day of the Moon,6,11,The Doctor and his allies mount a rebellion against invaders who have been controlling humanity from the very beginning.,0,0,0,0,0,Marcus Wilson,Toby Haynes,Steven Moffat,Murray Gold,0,1,0,0,0,1.0,0.0,0.0,0.0,0.0,0.0,0.0,0.0,0.0,0.0,0.0,0.0,0.0,0.0,0.0,0.0,0.0,0.0,0.0,0.0,1.0,1.0,0.0,0.0,0.0,0.0,0.0,0.0,1.0,0.0,0.0,0.0,0.0,0.0,2011-04-30,8.9,7.30,0,0,1,0,0
6.03,Curse of the Black Spot,6,11,"The Doctor, Amy and Rory find themselves aboard a marooned pirate ship whose crew is being picked off one by one by a beautiful - and deadly - Siren.",0,0,0,0,0,Marcus Wilson,Jeremy Webb,Steve Thompson,Murray Gold,0,1,0,0,0,1.0,0.0,0.0,0.0,0.0,0.0,0.0,0.0,0.0,0.0,0.0,0.0,0.0,0.0,0.0,0.0,0.0,0.0,0.0,0.0,0.0,1.0,0.0,0.0,0.0,0.0,0.0,0.0,0.0,0.0,0.0,0.0,0.0,0.0,2011-05-07,6.8,7.85,0,0,1,0,0
6.04,The Doctor's Wife,6,11,The Doctor is lured to a sentient asteroid outside of the Universe by a Time Lord distress signal and soon realises his TARDIS is in grave danger.,0,0,0,0,0,Sanne Wohlenberg,Richard Clark,Neil Gaiman,Murray Gold,0,1,0,0,0,1.0,0.0,0.0,0.0,0.0,0.0,0.0,0.0,0.0,0.0,0.0,0.0,0.0,0.0,0.0,0.0,0.0,0.0,0.0,0.0,0.0,1.0,0.0,0.0,0.0,0.0,0.0,0.0,0.0,0.0,0.0,0.0,0.0,0.0,2011-05-14,9.0,7.97,0,0,1,0,0
6.05,The Rebel Flesh,6,11,"A solar tsunami sends the TARDIS crew to an acid mining factory in the 22nd century, where a small team of workers come under attack from their doppelgangers.",0,0,0,0,0,Marcus Wilson,Julian Simpson,Matthew Graham,Murray Gold,0,1,0,0,0,1.0,0.0,0.0,0.0,0.0,0.0,0.0,0.0,0.0,0.0,0.0,0.0,0.0,0.0,0.0,0.0,0.0,0.0,0.0,0.0,0.0,1.0,0.0,0.0,0.0,0.0,0.0,0.0,0.0,0.0,0.0,0.0,0.0,0.0,2011-05-21,7.3,7.35,0,0,1,0,0
6.06,The Almost People,6,11,The gangers and humans battle for their lives as the factory crumbles and the Doctor tries to keep the peace - can everyone make it off the island alive?,0,0,0,0,0,Marcus Wilson,Julian Simpson,Matthew Graham,Murray Gold,0,1,0,0,0,1.0,0.0,0.0,0.0,0.0,0.0,0.0,0.0,0.0,0.0,0.0,0.0,0.0,0.0,0.0,0.0,0.0,0.0,0.0,0.0,0.0,1.0,0.0,0.0,0.0,0.0,0.0,0.0,0.0,0.0,0.0,0.0,0.0,0.0,2011-05-28,7.5,6.72,0,0,1,0,0
6.07,A Good Man Goes to War,6,11,A member of The Doctor's team has been abducted and he will call in every favor and maybe even go to war to get them back.,0,0,0,0,0,Marcus Wilson,Peter Hoar,Steven Moffat,Murray Gold,0,1,0,0,0,1.0,0.0,0.0,1.0,0.0,0.0,0.0,0.0,0.0,0.0,0.0,0.0,0.0,1.0,1.0,0.0,0.0,0.0,0.0,0.0,1.0,1.0,0.0,0.0,0.0,0.0,0.0,0.0,0.0,0.0,0.0,0.0,0.0,0.0,2011-06-04,9.1,7.51,0,0,1,0,0
6.08,Let's Kill Hitler,6,11,"The search for Melody Pond brings the Doctor and his friends to Berlin in 1938, face-to-face with Adolf Hitler, River Song and a justice-serving, shapeshifting robot.",0,0,0,0,0,Marcus Wilson,Richard Senior,Steven Moffat,Murray Gold,0,1,0,0,0,1.0,0.0,0.0,0.0,0.0,0.0,0.0,0.0,0.0,0.0,0.0,0.0,0.0,0.0,0.0,0.0,0.0,0.0,0.0,0.0,1.0,1.0,0.0,0.0,0.0,0.0,0.0,0.0,0.0,0.0,0.0,0.0,0.0,0.0,2011-08-27,8.1,8.10,0,0,1,0,0
6.09,Night Terrors,6,11,"Receiving a powerful distress call from a terrified little boy, the Doctor and his friends soon find that the monsters in his cupboard are real - and deadly.",0,0,0,0,0,Sanne Wohlenberg,Richard Clark,Mark Gatiss,Murray Gold,0,1,0,0,0,1.0,0.0,0.0,0.0,0.0,0.0,0.0,0.0,0.0,0.0,0.0,0.0,0.0,0.0,0.0,0.0,0.0,0.0,0.0,0.0,0.0,1.0,0.0,0.0,0.0,0.0,0.0,0.0,0.0,0.0,0.0,0.0,0.0,0.0,2011-09-03,7.1,7.07,0,0,1,0,0
6.1,The Girl Who Waited,6,11,"Amy is trapped in a quarantine facility where time moves faster than in reality, while the Doctor is confined to the TARDIS. Can Rory save his wife in time?",0,0,0,0,0,Marcus Wilson,Nick Hurran,Tom MacRae,Murray Gold,0,1,0,0,0,1.0,0.0,0.0,0.0,0.0,0.0,0.0,0.0,0.0,0.0,0.0,0.0,0.0,0.0,0.0,0.0,0.0,0.0,0.0,0.0,0.0,1.0,0.0,0.0,0.0,0.0,0.0,0.0,0.0,0.0,0.0,0.0,0.0,0.0,2011-09-10,8.5,7.60,0,0,1,0,0
6.11,The God Complex,6,11,"The Doctor, Amy and Rory become trapped in a hotel of horrors unable to escape and unable to find the TARDIS. The Doctor must save as many people as he can taking many twists and seeing his own worst fear.",0,0,0,0,0,Marcus Wilson,Nick Hurran,Toby Whithouse,Murray Gold,0,1,0,0,0,1.0,0.0,0.0,0.0,0.0,0.0,0.0,0.0,0.0,0.0,0.0,0.0,0.0,0.0,0.0,0.0,0.0,0.0,0.0,0.0,0.0,1.0,0.0,0.0,0.0,0.0,0.0,0.0,0.0,0.0,1.0,0.0,0.0,0.0,2011-09-17,8.1,6.77,0,0,1,0,0
6.12,Closing Time,6,11,"The Doctor makes one last stop before his death to see an old friend. But people are disappearing, there are reports of a silver rat and metal men are lurking in the shadows.",0,0,0,0,0,Denise Paul,Steve Hughes,Gareth Roberts,Murray Gold,0,1,0,0,0,1.0,0.0,0.0,1.0,0.0,0.0,0.0,0.0,0.0,0.0,0.0,0.0,0.0,1.0,0.0,0.0,0.0,0.0,0.0,0.0,1.0,1.0,0.0,0.0,0.0,0.0,1.0,0.0,1.0,0.0,0.0,0.0,0.0,0.0,2011-09-24,7.7,6.93,0,0,1,0,0
6.13,The Wedding of River Song,6,11,"April 22nd, 2011; 5:02pm. Having finally accepted his fate the Doctor travels to Lake Silencio for his final day. But one woman refuses to let time take its course.",0,0,0,0,0,Marcus Wilson,Jeremy Webb,Steven Moffat,Murray Gold,0,1,0,0,0,1.0,0.0,0.0,0.0,0.0,0.0,0.0,0.0,0.0,0.0,0.0,0.0,0.0,1.0,0.0,0.0,0.0,0.0,0.0,0.0,1.0,1.0,0.0,0.0,0.0,0.0,0.0,0.0,1.0,0.0,0.0,1.0,0.0,0.0,2011-10-01,8.6,7.67,0,0,1,0,0
7.0,"The Doctor, the Widow, and the Wardrobe",7,11,"It's Christmas Eve, 1938, when Madge Arwell comes to the aid of an injured Spaceman Angel as she cycles home. He promises to repay her kindness - all she has to do is make a wish. Three years later, a devastated Madge escapes war-torn London with her two children for a dilapidated house in Dorset. She is crippled with grief at the news her husband has been lost over the channel, but determined to give Lily and Cyril the best Christmas ever. The Arwells are surprised to be greeted by a madcap caretaker whose mysterious Christmas gift leads them into a magical wintry ...",0,0,0,0,0,Marcus Wilson,Farren Blackburn,Steven Moffat,Murray Gold,0,1,0,0,0,1.0,0.0,0.0,0.0,0.0,0.0,0.0,0.0,0.0,0.0,0.0,0.0,0.0,0.0,0.0,0.0,0.0,0.0,0.0,0.0,0.0,1.0,0.0,0.0,0.0,0.0,0.0,0.0,0.0,0.0,0.0,0.0,0.0,0.0,2011-12-25,7.3,10.77,0,0,0,1,0
7.01,Asylum of the Daleks,7,11,"The Doctor, along with Amy and Rory who are headed for divorce, are kidnapped by the Daleks. They find themselves before the Dalek Parliament and the Doctor is quite surprised when he learns why: they want him to save them. A ship has crashed on the one place they will not go - the Asylum, where mad Daleks are sent to spend the rest of their days. Once there, they are assisted by the only survivor of the crash, Oswin, who has been there for a year awaiting rescue and making souffl√©s to pass the time. Which leads the Doctor to ask the most important question of all: ...",0,0,0,0,0,Marcus Wilson,Nick Hurran,Steven Moffat,Murray Gold,0,1,0,0,0,1.0,0.0,0.0,0.0,1.0,0.0,0.0,0.0,0.0,0.0,0.0,0.0,0.0,0.0,0.0,0.0,0.0,0.0,0.0,0.0,0.0,1.0,0.0,0.0,0.0,0.0,0.0,0.0,0.0,0.0,0.0,0.0,0.0,0.0,2012-09-01,8.7,8.33,0,0,1,0,0
7.02,Dinosaurs on a Spaceship,7,11,"After a lengthy absence, the Doctor returns to Earth and scoops up up Amy and Rory for yet another adventure. He also manages somehow to include Rory's dad, Brian Williams. Those aren't the only travelers however as Queen Nefertiti and big-game hunter John Riddell are also on board. The TARDIS next reappears on board a large ship and the Doctor is delighted to find a cargo of prehistoric dinosaurs on board. Using the ship's computers, Amy determines that the ship's crew is nowhere to be found. There is someone on board however who has no intention of giving up his ...",0,0,0,0,0,Marcus Wilson,Saul Metzstein,Chris Chibnall,Murray Gold,0,1,0,0,0,1.0,0.0,0.0,0.0,0.0,0.0,0.0,0.0,0.0,0.0,0.0,0.0,0.0,0.0,0.0,0.0,0.0,0.0,0.0,0.0,0.0,1.0,0.0,0.0,0.0,0.0,0.0,0.0,0.0,0.0,0.0,0.0,0.0,0.0,2012-09-08,7.5,7.57,0,0,1,0,0
7.03,A Town Called Mercy,7,11,"The Doctor gets a Stetson and a gun, and finds himself the reluctant Sheriff of a Western town under siege by a relentless cyborg who goes by the name of The Gunslinger. But who is he and what does he want?",0,0,0,0,0,Marcus Wilson,Saul Metzstein,Toby Whithouse,Murray Gold,0,1,0,0,0,1.0,0.0,0.0,0.0,0.0,0.0,0.0,0.0,0.0,0.0,0.0,0.0,0.0,0.0,0.0,0.0,0.0,0.0,0.0,0.0,0.0,1.0,0.0,0.0,0.0,0.0,0.0,0.0,0.0,0.0,0.0,0.0,0.0,0.0,2012-09-15,7.5,8.42,0,0,1,0,0
7.04,The Power of Three,7,11,"Earth is suddenly visited by millions of small black cubes of unknown origin. The Doctor joins Amy, Rory and Rory's father, Brian, to help discover what these cubes bring for humanity.",0,0,0,0,0,Marcus Wilson,Douglas Mackinnon,Chris Chibnall,Murray Gold,0,1,0,0,0,1.0,0.0,0.0,0.0,0.0,0.0,0.0,0.0,0.0,0.0,0.0,0.0,0.0,0.0,0.0,0.0,0.0,0.0,0.0,0.0,0.0,1.0,0.0,0.0,0.0,0.0,0.0,0.0,0.0,0.0,0.0,0.0,0.0,0.0,2012-09-22,7.6,7.67,0,0,1,0,0
7.05,The Angels Take Manhattan,7,11,"The Doctor takes Amy and Rory to New York, where the Weeping Angels are waiting for them. River Song returns.",0,0,0,0,0,Marcus Wilson,Nick Hurran,Steven Moffat,Murray Gold,0,1,0,0,0,1.0,0.0,0.0,0.0,0.0,0.0,0.0,0.0,0.0,0.0,0.0,0.0,0.0,0.0,0.0,0.0,0.0,0.0,0.0,0.0,1.0,1.0,0.0,0.0,0.0,0.0,0.0,0.0,0.0,0.0,1.0,0.0,0.0,0.0,2012-09-29,9.0,7.82,0,0,1,0,0
7.06,The Snowmen,7,11,"London, 1892. Snow is trying to evolve, feeding off of the nightmares of a little girl. But the Doctor has given up on saving the world. It is up to a young governess named Clara to convince him, with just one word, to save the day.",0,0,0,0,0,Marcus Wilson,Saul Metzstein,Steven Moffat,Murray Gold,0,1,0,0,0,0.0,0.0,1.0,0.0,0.0,0.0,0.0,0.0,0.0,0.0,1.0,0.0,0.0,0.0,1.0,0.0,0.0,0.0,0.0,0.0,0.0,0.0,0.0,0.0,0.0,0.0,0.0,0.0,0.0,0.0,0.0,0.0,0.0,0.0,2012-12-25,8.5,9.87,0,0,0,0,1
7.07,The Bells of Saint John,7,11,"A chance phone call reunites the Doctor with Clara in the present day. A mysterious organization, lead by the evil Miss Kizlet, sends robots known as ""Spoonheads"" to steal the minds of people who use the company's WiFi. The Doctor and Clara must work together to find the location of the organization and destroy it before the whole world is trapped by the WiFi.",0,0,0,0,0,Denise Paul,Colm McCarthy,Steven Moffat,Murray Gold,0,1,0,0,0,0.0,0.0,1.0,0.0,0.0,0.0,0.0,0.0,0.0,0.0,0.0,0.0,0.0,0.0,0.0,0.0,0.0,0.0,0.0,0.0,0.0,0.0,0.0,0.0,0.0,0.0,0.0,0.0,0.0,0.0,0.0,0.0,0.0,0.0,2013-03-30,8.0,8.44,0,0,1,0,0
7.08,The Rings of Akhaten,7,11,"Still not quite able to explain just who she is, the Doctor and Clara set off on their first adventure. He takes her to see the Rings of Akhaten and its famous pyramid. The residents of the 7 planets rotating around the same sun all believe the pyramid is the source of all life in the universe. There are quite a few visitors there for the Festival of Offering and Clara and helps a young girl, Merry, to have the confidence to perform an important ceremony to sooth and keep the Old God asleep. When Merry is drawn into the pyramid the Doctor and Clara go after her. When ...",0,0,0,0,0,Denise Paul,Farren Blackburn,Neil Cross,Murray Gold,0,1,0,0,0,0.0,0.0,1.0,0.0,0.0,0.0,0.0,0.0,0.0,0.0,0.0,0.0,0.0,0.0,0.0,0.0,0.0,0.0,0.0,0.0,0.0,0.0,0.0,0.0,0.0,0.0,0.0,0.0,0.0,0.0,0.0,0.0,0.0,0.0,2013-04-06,7.4,7.45,0,0,1,0,0
7.09,Cold War,7,11,"The Doctor and Clara find themselves dealing with Cold War tensions when the TARDIS lands aboard a disabled Soviet ballistic submarine. The Doctor isn't the only alien being on board however - while engaged in undersea drilling, Professor Grisenko thought he'd found a mammoth and brought the creature on the boat encased in ice. It isn't a mammoth but an Ice Warrior, who has been lying dormant for 5000 years. He identifies himself as Grand Marshal Skaldak but when he cannot contact others of his kind, he assumes he is the last of his race. He now has every intention of...",0,0,0,0,0,Marcus Wilson,Douglas Mackinnon,Mark Gatiss,Murray Gold,0,1,0,0,0,0.0,0.0,1.0,0.0,0.0,0.0,0.0,0.0,0.0,0.0,0.0,0.0,0.0,0.0,0.0,0.0,0.0,0.0,0.0,0.0,0.0,0.0,0.0,0.0,0.0,0.0,0.0,0.0,0.0,0.0,0.0,0.0,0.0,0.0,2013-04-13,7.3,7.37,0,0,1,0,0
7.1,Hide,7,11,"The Doctor and Clara arrive at an old manor house in 1974 where Alec Palmer and Emma Grayling are investigating the existence of a ghost. Alec is a former army Major, now a psychologist, whilst Emma is an empathic psychic who can not only sense the presence of paranormal beings, but can sense their feelings as well. Palmer explains the house has been haunted for hundreds of years, and the ghost - a woman - is likely much older. Emma senses the ghost is very lonely, but the Doctor realises she's not a ghost at all, but a creature trapped in a zone where time moves much...",0,0,0,0,0,Marcus Wilson,Jamie Payne,Neil Cross,Murray Gold,0,1,0,0,0,0.0,0.0,1.0,0.0,0.0,0.0,0.0,0.0,0.0,0.0,0.0,0.0,0.0,0.0,0.0,0.0,0.0,0.0,0.0,0.0,0.0,0.0,0.0,0.0,0.0,0.0,0.0,0.0,0.0,0.0,0.0,0.0,0.0,0.0,2013-04-20,7.8,6.61,0,0,1,0,0
7.11,Journey to the Centre of the TARDIS,7,11,"The Doctor and Clara find themselves aboard a space freighter that has taken the TARDIS on-board as salvage. While the Doctor is ejected, Clara finds herself wandering through the vehicle exploring it's many - seemingly infinite - rooms. The Doctor re-enters the TARDIS accompanied by three workers from the salvage ship and they have but 30 minutes to find her. There are creatures in the depths of the TARDIS and the time travel machine will do whatever it takes to protect itself. There is a rupture in time however and the TARDIS is leaking recent history....which the ...",0,0,0,0,0,Marcus Wilson,Mat King,Steve Thompson,Murray Gold,0,1,0,0,0,0.0,0.0,1.0,0.0,0.0,0.0,0.0,0.0,0.0,0.0,0.0,0.0,0.0,0.0,0.0,0.0,0.0,0.0,0.0,0.0,0.0,0.0,0.0,0.0,0.0,0.0,0.0,0.0,0.0,0.0,0.0,0.0,0.0,0.0,2013-04-27,7.5,6.52,0,0,1,0,0
7.12,The Crimson Horror,7,11,The Doctor and Clara arrive in 19th century Yorkshire where moral crusader Mrs Gillyflower is recruiting beautiful people for her idyllic garden city. At the same time rigid corpses dyed red are piling up and the brother of one of the victims seeks help from Madame Vastra. She and her party travel to Yorkshire where they rescue Doctor Who and Clara from the clutches of Mrs Gillyflower. They discover that the woman is a fanatical exponent of ethnic cleansing who plans to do away with those who do not meet her standards - even her daughter Ada. The Doctor and his allies...,0,0,0,0,0,Marcus Wilson,Saul Metzstein,Mark Gatiss,Murray Gold,0,1,0,0,0,0.0,0.0,1.0,0.0,0.0,0.0,0.0,0.0,0.0,0.0,1.0,0.0,0.0,0.0,1.0,0.0,0.0,0.0,0.0,0.0,0.0,0.0,0.0,0.0,0.0,0.0,0.0,0.0,0.0,0.0,0.0,0.0,0.0,0.0,2013-05-04,7.4,6.47,0,0,1,0,0
7.13,Nightmare in Silver,7,11,"Hedgewick's World of Wonders was once the greatest theme park in the galaxy, but it's now the dilapidated home to a shabby showman, a chess playing dwarf and a dysfunctional army platoon. When the Doctor, Clara, Artie and Angie arrive, the last thing they expect is the re-emergence of one of the Doctor's oldest foes. The Cybermen are back!",0,0,0,0,0,Denise Paul,Stephen Woolfenden,Neil Gaiman,Murray Gold,0,1,0,0,0,0.0,0.0,1.0,1.0,0.0,0.0,0.0,0.0,0.0,0.0,0.0,0.0,0.0,0.0,0.0,0.0,0.0,0.0,0.0,0.0,0.0,0.0,0.0,0.0,0.0,0.0,0.0,0.0,0.0,0.0,0.0,0.0,0.0,0.0,2013-05-11,7.4,6.64,0,0,1,0,0
7.14,The Name of the Doctor,7,11,"The Doctor's friends are being kidnapped, which leads him to the fields of Trenzalore, where his greatest secret will be revealed and Clara's mystery will be solved.",0,0,0,0,0,Denise Paul,Saul Metzstein,Steven Moffat,Murray Gold,0,1,0,0,0,0.0,0.0,1.0,0.0,0.0,0.0,0.0,0.0,0.0,0.0,1.0,0.0,0.0,0.0,1.0,0.0,0.0,0.0,0.0,0.0,1.0,0.0,0.0,0.0,0.0,0.0,0.0,0.0,0.0,1.0,0.0,0.0,0.0,0.0,2013-05-18,9.1,7.45,0,0,1,0,0
8.01,Deep Breath,8,12,"When the newly-regenerated doctor arrives in Victorian London, he finds a dinosaur rampant in the Thames and a spate of deadly spontaneous combustions.",0,0,0,0,0,Nikki Wilson,Ben Wheatley,Steven Moffat,Murray Gold,0,0,1,0,0,0.0,0.0,1.0,0.0,0.0,0.0,0.0,0.0,0.0,0.0,1.0,0.0,0.0,0.0,1.0,0.0,0.0,0.0,0.0,0.0,0.0,0.0,0.0,0.0,0.0,0.0,0.0,0.0,0.0,0.0,0.0,0.0,0.0,0.0,2014-08-23,8.0,9.17,0,0,1,0,0
8.02,Into the Dalek,8,12,The Doctor and Clara find themselves inside of a supposedly good Dalek.,0,0,0,0,0,Nikki Wilson,Ben Wheatley,Steven Moffat,Murray Gold,0,0,1,0,0,0.0,0.0,1.0,0.0,1.0,1.0,0.0,0.0,0.0,0.0,0.0,0.0,0.0,0.0,0.0,0.0,0.0,0.0,0.0,0.0,0.0,0.0,0.0,0.0,0.0,0.0,0.0,0.0,0.0,0.0,0.0,0.0,0.0,0.0,2014-08-30,7.8,7.29,0,0,1,0,0
8.03,Robot of Sherwood,8,12,"In Sherwood Forest, the Doctor uncovers a sinister alien plot and forms an alliance with Robin Hood. With Nottingham at stake, the Doctor must decide who is real and who is fake.",0,0,0,0,0,Nikki Wilson,Paul Murphy,Mark Gatiss,Murray Gold,0,0,1,0,0,0.0,0.0,1.0,0.0,0.0,0.0,0.0,0.0,0.0,0.0,0.0,0.0,0.0,0.0,0.0,0.0,0.0,0.0,0.0,0.0,0.0,0.0,0.0,0.0,0.0,0.0,0.0,0.0,0.0,0.0,0.0,0.0,0.0,0.0,2014-09-06,7.1,7.28,0,0,1,0,0
8.04,Listen,8,12,"When ghosts of past and future crowd into their lives, The Doctor and Clara are thrown into an adventure that takes them to the very end of the universe.",0,0,0,0,0,Peter Bennett,Douglas Mackinnon,Steven Moffat,Murray Gold,0,0,1,0,0,0.0,0.0,1.0,0.0,0.0,1.0,0.0,0.0,0.0,0.0,0.0,0.0,0.0,0.0,0.0,0.0,0.0,0.0,0.0,0.0,0.0,0.0,0.0,0.0,0.0,0.0,0.0,0.0,0.0,1.0,0.0,0.0,0.0,0.0,2014-09-13,8.9,7.01,0,0,1,0,0
8.05,Time Heist,8,12,The Doctor and Clara must break into the most secure bank in the universe.,0,0,0,0,0,Peter Bennett,Douglas Mackinnon,Steven Moffat,Murray Gold,0,0,1,0,0,0.0,0.0,1.0,0.0,0.0,1.0,0.0,0.0,0.0,0.0,0.0,0.0,0.0,0.0,0.0,0.0,0.0,0.0,0.0,0.0,0.0,0.0,0.0,0.0,0.0,0.0,0.0,0.0,0.0,0.0,0.0,0.0,0.0,0.0,2014-09-20,8.0,6.99,0,0,1,0,0
8.06,The Caretaker,8,12,"The terrifying Skovox Blitzer is ready to destroy all humanity - but worse, and any second now, Danny Pink and the Doctor are going to meet.",0,0,0,0,0,Nikki Wilson,Paul Murphy,Steven Moffat,Murray Gold,0,0,1,0,0,0.0,0.0,1.0,0.0,0.0,1.0,0.0,0.0,0.0,0.0,0.0,0.0,0.0,0.0,0.0,0.0,0.0,0.0,0.0,0.0,0.0,0.0,0.0,0.0,0.0,0.0,0.0,0.0,0.0,0.0,0.0,0.0,0.0,0.0,2014-09-27,7.4,6.82,0,0,1,0,0
8.07,Kill the Moon,8,12,"In the near future, the Doctor and Clara find themselves on a space shuttle making a suicide mission to the Moon. Crash-landing on the lunar surface they find the most terrible things.",0,0,0,0,0,Peter Bennett,Paul Wilmshurst,Peter Harness,Murray Gold,0,0,1,0,0,0.0,0.0,1.0,0.0,0.0,1.0,0.0,0.0,0.0,0.0,0.0,0.0,0.0,0.0,0.0,0.0,0.0,0.0,0.0,0.0,0.0,0.0,0.0,0.0,0.0,0.0,0.0,0.0,0.0,0.0,0.0,0.0,0.0,0.0,2014-10-04,7.0,6.91,0,0,1,0,0
8.08,Mummy on the Orient Express,8,12,"On the most beautiful train in history, speeding amongst the stars of the future, a deadly and immortal creature is stalking the passengers.",0,0,0,0,0,Peter Bennett,Paul Wilmshurst,Jamie Mathieson,Murray Gold,0,0,1,0,0,0.0,0.0,1.0,0.0,0.0,1.0,0.0,0.0,0.0,0.0,0.0,0.0,0.0,0.0,0.0,0.0,0.0,0.0,0.0,0.0,0.0,0.0,0.0,0.0,0.0,0.0,0.0,0.0,0.0,0.0,0.0,0.0,0.0,0.0,2014-10-11,8.5,7.11,0,0,1,0,0
8.09,Flatline,8,12,"A problem happens with the Tardis, trapping the Doctor inside and leaving Clara to fend for herself against a two dimensional enemy.",0,0,0,0,0,Nikki Wilson,Douglas Mackinnon,Jamie Mathieson,Murray Gold,0,0,1,0,0,0.0,1.0,1.0,0.0,0.0,1.0,0.0,0.0,0.0,0.0,0.0,0.0,0.0,0.0,0.0,0.0,0.0,0.0,0.0,0.0,0.0,0.0,0.0,0.0,0.0,0.0,0.0,0.0,0.0,0.0,0.0,0.0,0.0,0.0,2014-10-18,8.5,6.71,0,0,1,0,0
8.1,In the Forest of the Night,8,12,"One morning in London, and every city and town in the world, the human race wakes up to the most surprising invasion yet: the trees have moved back in. Everywhere, in every land, a forest has grown and taken back the Earth.",0,0,0,0,0,Paul Frift,Sheree Folkson,Frank Cottrell-Boyce,Murray Gold,0,0,1,0,0,0.0,0.0,1.0,0.0,0.0,1.0,0.0,0.0,0.0,0.0,0.0,0.0,0.0,0.0,0.0,0.0,0.0,0.0,0.0,0.0,0.0,0.0,0.0,0.0,0.0,0.0,0.0,0.0,0.0,0.0,0.0,0.0,0.0,0.0,2014-10-25,6.1,6.92,0,0,1,0,0
8.11,Dark Water,8,12,"In the mysterious world of the Nethersphere, plans have been drawn. Old friends and old enemies manoeuvre around the Doctor, and an impossible choice is looming over him.",0,0,0,0,0,Peter Bennett,Rachel Talalay,Steven Moffat,Murray Gold,0,0,1,0,0,0.0,0.0,1.0,1.0,0.0,1.0,0.0,0.0,0.0,0.0,0.0,0.0,0.0,0.0,0.0,0.0,0.0,0.0,0.0,0.0,0.0,0.0,0.0,0.0,0.0,0.0,0.0,0.0,0.0,0.0,0.0,0.0,0.0,0.0,2014-11-01,8.7,7.34,0,0,1,0,0
8.12,Death in Heaven,8,12,"With Cybermen on the streets of London, old friends unite against old enemies and the Doctor takes to the air in a startling new role. As the Doctor faces his greatest challenge, sacrifices must be made before the day is won.",0,0,0,0,0,Peter Bennett,Rachel Talalay,Steven Moffat,Murray Gold,0,0,1,0,0,0.0,0.0,1.0,1.0,0.0,0.0,0.0,0.0,0.0,0.0,0.0,0.0,1.0,0.0,0.0,0.0,0.0,0.0,0.0,1.0,0.0,0.0,0.0,0.0,0.0,0.0,0.0,0.0,0.0,0.0,0.0,0.0,0.0,0.0,2014-11-08,7.9,7.60,0,0,1,0,0
9.01,The Magician's Apprentice,9,12,"When the skies of Earth are frozen by a mysterious alien force, Clara needs her friend, the Doctor. But where is he and what is he hiding from?",0,0,0,0,0,Peter Bennett,Hettie MacDonald,Steven Moffat,Murray Gold,0,0,1,0,0,0.0,0.0,1.0,0.0,1.0,0.0,0.0,0.0,0.0,0.0,0.0,0.0,0.0,0.0,0.0,0.0,0.0,0.0,0.0,0.0,0.0,0.0,0.0,0.0,0.0,0.0,0.0,0.0,0.0,0.0,0.0,0.0,0.0,0.0,2015-09-19,8.5,6.54,0,0,1,0,0
9.02,The Witch's Familiar,9,12,"Trapped and alone in a terrifying Dalek city, the Doctor is at the heart of an evil Empire; no sonic, no TARDIS, nobody to help. With his greatest temptation before him, can the Doctor resist? And will there be mercy?",0,0,0,0,0,Peter Bennett,Hettie MacDonald,Steven Moffat,Murray Gold,0,0,1,0,0,0.0,0.0,1.0,0.0,1.0,0.0,0.0,0.0,0.0,0.0,0.0,0.0,0.0,0.0,0.0,0.0,0.0,0.0,0.0,0.0,0.0,0.0,0.0,0.0,0.0,0.0,0.0,0.0,0.0,0.0,0.0,0.0,0.0,0.0,2015-09-26,8.5,5.71,0,0,1,0,0
9.03,Under the Lake,9,12,"Under a lake a gleaming black spaceship is recovered but there is nothing inside. When the base crew start dying, they discover that ghosts are real. The Doctor and Clara arrive to find the base under siege and the Doctor discovers that this is more than a ghost story.",0,0,0,0,0,Derek Ritchie,Daniel O'Hara,Toby Whithouse,Murray Gold,0,0,1,0,0,0.0,0.0,1.0,0.0,0.0,0.0,0.0,0.0,0.0,0.0,0.0,0.0,0.0,0.0,0.0,0.0,0.0,0.0,0.0,0.0,0.0,0.0,0.0,0.0,0.0,0.0,0.0,0.0,0.0,0.0,0.0,0.0,0.0,0.0,2015-10-03,8.3,5.63,0,0,1,0,0
9.04,Before The Flood,9,12,"In a town that never was, the Doctor and his friends are being stalked by a mysterious figure. With the past and future in the balance, can the Doctor stop the evil Fisher King? And more importantly, who composed Beethoven's 5th.",0,0,0,0,0,Derek Ritchie,Daniel O'Hara,Toby Whithouse,Murray Gold,0,0,1,0,0,0.0,0.0,1.0,0.0,0.0,0.0,0.0,0.0,0.0,0.0,0.0,0.0,0.0,0.0,0.0,0.0,0.0,0.0,0.0,0.0,0.0,0.0,0.0,0.0,0.0,0.0,0.0,0.0,0.0,0.0,0.0,0.0,0.0,0.0,2015-10-10,8.1,6.05,0,0,1,0,0
9.05,The Girl Who Died,9,12,"In a Viking village, a girl named Ashildr is about to make a desperate mistake. The Mire are the deadliest mercenaries in the galaxy, famed for showing no mercy and Ashildr has just declared war on them. The Doctor and Clara have 12 hours to turn a peaceful village into strong fighters, ready for the deadly Mire.",0,0,0,0,0,Derek Ritchie,Ed Bazalgette,Steven Moffat,Murray Gold,0,0,1,0,0,0.0,0.0,1.0,0.0,0.0,0.0,1.0,0.0,0.0,0.0,0.0,0.0,0.0,0.0,0.0,0.0,0.0,0.0,0.0,0.0,0.0,0.0,0.0,0.0,0.0,0.0,0.0,0.0,0.0,0.0,0.0,0.0,0.0,0.0,2015-10-17,7.7,6.56,0,0,1,0,0
9.06,The Woman Who Lived,9,12,"England, 1651. A deadly highwayman known only as 'The Knightmare' plagues the dark streets of London, his fire-breathing accomplice by his side. There's something clearly more than human here, and that includes the loot as much as the outlaws. Who are these creatures, and are they enemies to be fought, or friends who might possibly save the Doctor from certain doom on the gallows?",0,0,0,0,0,Derek Ritchie,Ed Bazalgette,Catherine Tregenna,Murray Gold,0,0,1,0,0,0.0,0.0,1.0,0.0,0.0,0.0,0.0,0.0,0.0,0.0,0.0,0.0,0.0,0.0,0.0,0.0,0.0,0.0,0.0,0.0,0.0,0.0,0.0,0.0,0.0,0.0,0.0,0.0,0.0,0.0,0.0,0.0,0.0,0.0,2015-10-24,7.6,6.11,0,0,1,0,0
9.07,The Zygon Invasion,9,12,"The fragile peace between the Humans and the Zygons is on a knife edge. Tensions run high as factions within the Zygon community seek to incite violent action against Humans. Called in by UNIT, the Doctor and Clara fight to bring the situation under control. But one question remains: Where on Earth is Osgood?",0,0,0,0,0,Peter Bennett,Daniel Nettheim,Peter Harness,Murray Gold,0,0,1,0,0,0.0,0.0,1.0,0.0,0.0,0.0,0.0,0.0,0.0,0.0,0.0,0.0,1.0,0.0,0.0,0.0,0.0,0.0,0.0,1.0,0.0,0.0,0.0,0.0,0.0,0.0,0.0,0.0,0.0,1.0,0.0,0.0,0.0,1.0,2015-10-31,7.9,5.76,0,0,1,0,0
9.08,The Zygon Inversion,9,12,"With the Zygons invading England, and UNIT neutralized, the Doctor stands alone to stop the Zygons from taking over the entire planet. But how can he stop the Zygons? And how can he save his friends?",0,0,0,0,0,Peter Bennett,Daniel Nettheim,Steven Moffat,Murray Gold,0,0,1,0,0,0.0,0.0,1.0,0.0,0.0,0.0,0.0,0.0,0.0,0.0,0.0,0.0,1.0,0.0,0.0,0.0,0.0,0.0,0.0,1.0,0.0,0.0,0.0,0.0,0.0,0.0,0.0,0.0,0.0,0.0,0.0,0.0,0.0,1.0,2015-11-07,8.6,6.03,0,0,1,0,0
9.09,Sleep No More,9,12,"Vision recovered from the wreckage of Le Verrier Space Station shows how the Doctor and Clara became entangled in a rescue mission. As the footage plays out, a horrifying secret is uncovered.",0,0,0,0,0,Nikki Wilson,Justin Molotnikov,Mark Gatiss,Murray Gold,0,0,1,0,0,0.0,0.0,1.0,0.0,0.0,0.0,0.0,0.0,0.0,0.0,0.0,0.0,0.0,0.0,0.0,0.0,0.0,0.0,0.0,0.0,0.0,0.0,0.0,0.0,0.0,0.0,0.0,0.0,0.0,0.0,0.0,0.0,0.0,0.0,2015-11-14,6.0,5.61,0,0,1,0,0
9.1,Face The Raven,9,12,"The Doctor and Clara are called back to earth when Rigsy discovers a strange tattoo on the back of his neck that appears to be counting down to zero. Their investigation leads them to a hidden street in the middle of London, the discovery that Rigsy has been issued a death sentence, and one of them facing the choice of having to make the ultimate sacrifice; to face the Raven!",0,0,0,0,0,Nikki Wilson,Justin Molotnikov,Sarah Dollard,Murray Gold,0,0,1,0,0,0.0,0.0,1.0,0.0,0.0,0.0,0.0,0.0,0.0,0.0,0.0,0.0,0.0,0.0,0.0,0.0,0.0,0.0,0.0,0.0,0.0,0.0,0.0,0.0,0.0,0.0,0.0,0.0,0.0,0.0,0.0,0.0,0.0,0.0,2015-11-21,8.6,6.06,0,0,1,0,0
9.11,Heaven Sent,9,12,"Trapped in a world unlike any other he has seen, the Doctor faces the greatest challenge of his many lives. One final test. And he must face it alone...",0,0,0,0,0,Peter Bennett,Rachel Talalay,Steven Moffat,Murray Gold,0,0,1,0,0,0.0,0.0,1.0,0.0,0.0,0.0,0.0,0.0,0.0,0.0,0.0,0.0,0.0,0.0,0.0,0.0,0.0,0.0,0.0,0.0,0.0,0.0,0.0,0.0,0.0,0.0,0.0,0.0,0.0,0.0,0.0,0.0,0.0,0.0,2015-11-28,9.6,6.19,0,0,1,0,0
9.12,Hell Bent,9,12,"If you took everything from him, betrayed him, trapped him, and broke both his hearts... how far might the Doctor go? Returning to Gallifrey, the Doctor faces the Time Lords in a struggle that will take him to the end of time itself. Who is the Hybrid? And what is the Doctor's confession?",0,0,0,0,0,Peter Bennett,Rachel Talalay,Steven Moffat,Murray Gold,0,0,1,0,0,0.0,0.0,1.0,0.0,1.0,0.0,0.0,0.0,0.0,0.0,0.0,0.0,0.0,0.0,0.0,0.0,0.0,0.0,0.0,0.0,0.0,0.0,0.0,0.0,0.0,0.0,0.0,0.0,0.0,0.0,0.0,0.0,0.0,0.0,2015-12-05,8.7,6.17,0,0,1,0,0
9.13,The Husbands of River Song,9,12,"When a crashed spaceship calls upon the Doctor for help, he finds himself recruited into River Song's squad and hurled into a chase across the galaxy.",0,0,0,0,0,Nikki Wilson,Douglas Mackinnon,Steven Moffat,Murray Gold,0,0,1,0,0,0.0,0.0,0.0,0.0,0.0,0.0,0.0,0.0,0.0,0.0,0.0,0.0,0.0,0.0,0.0,0.0,0.0,1.0,0.0,0.0,1.0,0.0,0.0,0.0,0.0,0.0,0.0,0.0,0.0,0.0,0.0,0.0,0.0,0.0,2015-12-25,8.6,7.69,1,0,0,0,0
10.0,The Return of Doctor Mysterio,10,12,"In New York, with brain-swapping aliens poised to attack, the Doctor and Nardole link up with an investigative reporter and a mysterious masked superhero known only as the Ghost. Can the Doctor save Manhattan? And what will be revealed when we see behind the mask?",0,0,0,0,0,Peter Bennett,Ed Bazalgette,Steven Moffat,Murray Gold,0,0,1,0,0,0.0,0.0,0.0,0.0,0.0,0.0,0.0,0.0,0.0,0.0,0.0,0.0,0.0,0.0,0.0,0.0,0.0,1.0,0.0,0.0,0.0,0.0,0.0,0.0,0.0,0.0,0.0,0.0,0.0,0.0,0.0,0.0,0.0,0.0,2016-12-25,7.5,7.83,0,0,0,1,0
10.01,The Pilot,10,12,The Doctor and Nardole team up with a university student to take down a sinister life-mimicking alien.,0,0,0,0,0,Peter Bennett,Lawrence Gough,Steven Moffat,Murray Gold,0,0,1,0,0,0.0,1.0,0.0,0.0,0.0,0.0,0.0,0.0,0.0,0.0,0.0,0.0,0.0,0.0,0.0,0.0,0.0,1.0,0.0,0.0,0.0,0.0,0.0,0.0,0.0,0.0,0.0,0.0,0.0,0.0,0.0,0.0,0.0,0.0,2017-04-15,7.9,6.68,0,0,1,0,0
10.02,Smile,10,12,"In the far future, at the edge of the galaxy, there is a gleaming, perfect city. This brand new human settlement is said to hold the secret of human happiness - but the only smiles the Doctor and Bill can find are on a pile of grinning skulls. Something is alive in the walls, and the emojibots are watching from the shadows, as the Doctor and Bill try to unravel a terrifying mystery...",0,0,0,0,0,Peter Bennett,Lawrence Gough,Frank Cottrell-Boyce,Murray Gold,0,0,1,0,0,0.0,1.0,0.0,0.0,0.0,0.0,0.0,0.0,0.0,0.0,0.0,0.0,0.0,0.0,0.0,0.0,0.0,1.0,0.0,0.0,0.0,0.0,0.0,0.0,0.0,0.0,0.0,0.0,0.0,0.0,0.0,0.0,0.0,0.0,2017-04-22,7.2,5.98,0,0,1,0,0
10.03,Thin Ice,10,12,The Doctor and Bill visit London during the last of the River Thames frost fairs in February 1814. They soon discover that there is something under the ice which is causing people to disappear.,0,0,0,0,0,Nikki Wilson,Bill Anderson,Sarah Dollard,Murray Gold,0,0,1,0,0,0.0,1.0,0.0,0.0,0.0,0.0,0.0,0.0,0.0,0.0,0.0,0.0,0.0,0.0,0.0,0.0,0.0,1.0,0.0,0.0,0.0,0.0,0.0,0.0,0.0,0.0,0.0,0.0,0.0,0.0,0.0,0.0,0.0,0.0,2017-04-29,7.3,5.61,0,0,1,0,0
10.04,Knock Knock,10,12,"Bill is moving in with some friends and they've found the perfect house rented by the landlord. The wind blows, the floorboards creak and the Doctor thinks something is very wrong.",0,0,0,0,0,Nikki Wilson,Bill Anderson,Mike Bartlett,Murray Gold,0,0,1,0,0,0.0,1.0,0.0,0.0,0.0,0.0,0.0,0.0,0.0,0.0,0.0,0.0,0.0,0.0,0.0,0.0,0.0,1.0,0.0,0.0,0.0,0.0,0.0,0.0,0.0,0.0,0.0,0.0,0.0,0.0,0.0,0.0,0.0,0.0,2017-05-06,7.5,5.73,0,0,1,0,0
10.05,Oxygen,10,12,"When the Doctor, Bill and Nardole become trapped on a space station without oxygen, they discover the spacesuits are trying to kill them.",0,0,0,0,0,Nikki Wilson,Charles Palmer,Jamie Mathieson,Murray Gold,0,0,1,0,0,0.0,1.0,0.0,0.0,0.0,0.0,0.0,0.0,0.0,0.0,0.0,0.0,0.0,0.0,0.0,0.0,0.0,1.0,0.0,0.0,0.0,0.0,0.0,0.0,0.0,0.0,0.0,0.0,0.0,0.0,0.0,0.0,0.0,0.0,2017-05-13,8.1,5.27,0,0,1,0,0
10.06,Extremis,10,12,"The Haereticum holds an ancient book known only as The Veritas. Throughout history, anyone who has ever read it has immediately taken their own life. When a new translation is online, spreading danger, the Vatican appeals to the Doctor for help. Will he read The Veritas? But can even the Doctor survive the ultimate truth?",0,0,0,0,0,Peter Bennett,Daniel Nettheim,Steven Moffat,Murray Gold,0,0,1,0,0,0.0,1.0,0.0,0.0,0.0,0.0,0.0,0.0,0.0,0.0,0.0,0.0,0.0,0.0,0.0,0.0,0.0,1.0,0.0,0.0,0.0,0.0,0.0,0.0,0.0,0.0,0.0,0.0,0.0,0.0,0.0,0.0,0.0,0.0,2017-05-20,8.5,5.53,0,0,1,0,0
10.07,The Pyramid at the End of the World,10,12,"A 5,000-year-old pyramid appears overnight, baffling everyone including the Doctor.",0,0,0,0,0,Peter Bennett,Daniel Nettheim,Steven Moffat,Murray Gold,0,0,1,0,0,0.0,1.0,0.0,0.0,0.0,0.0,0.0,0.0,0.0,0.0,0.0,0.0,0.0,0.0,0.0,0.0,0.0,1.0,0.0,0.0,0.0,0.0,0.0,0.0,0.0,0.0,0.0,0.0,0.0,0.0,0.0,0.0,0.0,0.0,2017-05-27,7.7,5.79,0,0,1,0,0
10.08,The Lie of the Land,10,12,"Earth is invaded and Bill is living alone in occupied Britain. The Doctor appears to be on the side of the enemy, flooding the airwaves with fake news. Bill and Nardole embark on a deadly mission to rescue the Doctor and lead the resistance against the new regime, whatever the cost.",0,0,0,0,0,Nikki Wilson,Wayne Yip,Toby Whithouse,Murray Gold,0,0,1,0,0,0.0,1.0,0.0,0.0,0.0,0.0,0.0,0.0,0.0,0.0,0.0,0.0,0.0,0.0,0.0,0.0,0.0,1.0,0.0,0.0,0.0,0.0,0.0,0.0,0.0,0.0,0.0,0.0,0.0,0.0,0.0,0.0,0.0,0.0,2017-06-03,7.2,4.82,0,0,1,0,0
10.09,Empress of Mars,10,12,"The Doctor, Bill and Nardole discover a tomb of the Queen of the Ice Warriors on Mars in 1881.",0,0,0,0,0,Nikki Wilson,Wayne Yip,Mark Gatiss,Murray Gold,0,0,1,0,0,0.0,1.0,0.0,0.0,0.0,0.0,0.0,0.0,0.0,0.0,0.0,0.0,0.0,0.0,0.0,0.0,0.0,1.0,0.0,0.0,0.0,0.0,0.0,0.0,0.0,0.0,0.0,0.0,0.0,0.0,0.0,0.0,0.0,0.0,2017-06-10,7.1,5.02,0,0,1,0,0
10.1,The Eaters of Light,10,12,"A long time ago, the Roman legion of the ninth vanished into the mists of Scotland. Bill has a theory about what happened, and the Doctor has a time machine. But when they arrive in ancient Aberdeenshire, what they find is a far greater threat than any army. In a cairn, on a hillside, is a doorway leading to the end of the world.",0,0,0,0,0,Nicola Wilson,Charles Palmer,Rona Munro,Murray Gold,0,0,1,0,0,0.0,1.0,0.0,0.0,0.0,0.0,0.0,0.0,0.0,0.0,0.0,0.0,0.0,0.0,0.0,0.0,0.0,1.0,0.0,0.0,0.0,0.0,0.0,0.0,0.0,0.0,0.0,0.0,0.0,0.0,0.0,0.0,0.0,0.0,2017-06-17,7.0,4.73,0,0,1,0,0
10.11,World Enough and Time,10,12,"Trapped on a giant spaceship, caught in the event horizon of a black hole, he witnesses the death of someone he is pledged to protect. Are events already out of control?",0,0,0,0,0,Peter Bennett,Rachel Talalay,Steven Moffat,Murray Gold,0,0,1,0,0,0.0,1.0,0.0,0.0,0.0,0.0,0.0,0.0,0.0,0.0,0.0,0.0,0.0,0.0,0.0,0.0,0.0,1.0,0.0,0.0,0.0,0.0,0.0,0.0,0.0,0.0,0.0,1.0,0.0,0.0,0.0,0.0,0.0,0.0,2017-06-24,9.2,5.00,0,0,1,0,0
10.12,The Doctor Falls,10,12,The Doctor makes a final stand against an army of Cybermen to protect a tiny band of humans from destruction.,0,0,0,0,0,Peter Bennett,Rachel Talalay,Steven Moffat,Murray Gold,0,0,1,0,0,0.0,1.0,0.0,1.0,0.0,0.0,0.0,0.0,0.0,0.0,0.0,0.0,0.0,0.0,0.0,0.0,0.0,1.0,0.0,0.0,0.0,0.0,0.0,0.0,0.0,0.0,0.0,1.0,0.0,0.0,0.0,0.0,0.0,0.0,2017-07-01,9.0,5.30,0,0,1,0,0
11.01,The Woman Who Fell to Earth,11,13,"In a South Yorkshire city, Ryan Sinclair, Yasmin Khan and Graham O'Brien are about to have their lives changed forever, as a mysterious woman, unable to remember her own name, falls from the night sky.",0,0,0,0,0,Alex Mercer,Jamie Childs,Chris Chibnall,Segun Akinola,0,0,0,1,0,0.0,0.0,0.0,0.0,0.0,0.0,0.0,1.0,1.0,0.0,0.0,0.0,0.0,0.0,0.0,0.0,0.0,0.0,0.0,0.0,0.0,0.0,0.0,1.0,0.0,0.0,0.0,0.0,0.0,0.0,0.0,0.0,1.0,0.0,2018-10-07,7.1,10.96,0,0,0,1,0
11.02,The Ghost Monument,11,13,"Still reeling from their first encounter, can the Doctor and her new friends stay alive long enough, in a hostile alien environment, to solve the mystery of Desolation? And just who are Angstrom and Epzo?",0,0,0,0,0,Nicola Wilson,Mark Tonderai,Chris Chibnall,Segun Akinola,0,0,0,1,0,0.0,0.0,0.0,0.0,0.0,0.0,0.0,0.0,1.0,0.0,0.0,0.0,0.0,0.0,0.0,0.0,0.0,0.0,0.0,0.0,0.0,0.0,0.0,1.0,0.0,0.0,0.0,0.0,0.0,0.0,0.0,0.0,1.0,0.0,2018-10-14,6.2,9.00,0,0,0,1,0
11.03,Rosa,11,13,"Montgomery, Alabama, 1955. The Doctor and her friends find themselves in the Deep South of America. As they encounter a seamstress by the name of Rosa Parks, they begin to wonder whether someone is attempting to change history.",0,0,0,0,0,Alex Mercer,Mark Tonderai,Chris Chibnall,Segun Akinola,0,0,0,1,0,0.0,0.0,0.0,0.0,0.0,0.0,0.0,0.0,1.0,0.0,0.0,0.0,0.0,0.0,0.0,0.0,0.0,0.0,0.0,0.0,0.0,0.0,0.0,1.0,0.0,0.0,0.0,0.0,0.0,0.0,0.0,0.0,1.0,0.0,2018-10-21,7.1,8.41,0,0,0,1,0
11.04,Arachnids in the UK,11,13,"The Doctor, Yaz, Graham, and Ryan find their way back to Yorkshire only to find something is stirring amidst the eight-legged arachnid population of Sheffield.",0,0,0,0,0,Alex Mercer,Sallie Aprahamian,Chris Chibnall,Segun Akinola,0,0,0,1,0,0.0,0.0,0.0,0.0,0.0,0.0,0.0,1.0,1.0,0.0,0.0,0.0,0.0,0.0,0.0,0.0,0.0,0.0,0.0,0.0,0.0,0.0,0.0,1.0,0.0,0.0,0.0,0.0,0.0,0.0,0.0,0.0,1.0,0.0,2018-10-28,5.3,8.22,0,0,0,1,0
11.05,The Tsuranga Conundrum,11,13,"Injured and stranded in the wilds of a far-flung galaxy, The Doctor, Yaz, Graham, and Ryan must band together with a group of strangers to survive against one of the universe's most deadly - and unusual - creatures.",0,0,0,0,0,Alex Mercer,Jennifer Perrott,Chris Chibnall,Segun Akinola,0,0,0,1,0,0.0,0.0,0.0,0.0,0.0,0.0,0.0,0.0,1.0,0.0,0.0,0.0,0.0,0.0,0.0,0.0,0.0,0.0,0.0,0.0,0.0,0.0,0.0,1.0,0.0,0.0,0.0,0.0,0.0,0.0,0.0,0.0,1.0,0.0,2018-11-04,5.2,7.76,0,0,0,1,0
11.06,Demons of the Punjab,11,13,"Yasmin travels in time to visit her grandmother during her youth in the partition of India, but everyone gets caught up in the tragic bloodshed of that era.",0,0,0,0,0,Alex Mercer,Jamie Childs,Vinay Patel,Segun Akinola,0,0,0,1,0,0.0,0.0,0.0,0.0,0.0,0.0,0.0,0.0,1.0,0.0,0.0,0.0,0.0,0.0,0.0,0.0,0.0,0.0,0.0,0.0,0.0,0.0,0.0,1.0,0.0,0.0,0.0,0.0,0.0,0.0,0.0,0.0,1.0,0.0,2018-11-11,6.6,7.48,0,0,0,1,0
11.07,Kerblam!,11,13,"A mysterious message arrives in a package addressed to the Doctor, leading her, Graham, Yaz and Ryan to investigate the warehouse moon orbiting Kandoka, and the home of the galaxy's largest retailer.",0,0,0,0,0,Alex Mercer,Jennifer Perrott,Pete McTighe,Segun Akinola,0,0,0,1,0,0.0,0.0,0.0,0.0,0.0,0.0,0.0,0.0,1.0,0.0,0.0,0.0,0.0,0.0,0.0,0.0,0.0,0.0,0.0,0.0,0.0,0.0,0.0,1.0,0.0,0.0,0.0,0.0,0.0,0.0,0.0,0.0,1.0,0.0,2018-11-18,6.4,7.46,0,0,0,1,0
11.08,The Witchfinders,11,13,"Arriving in 17th Century Lancashire, the TARDIS team become embroiled in a witch trial. With the arrival of King James I, the hunt for witches intensifies. However, could something more dangerous be at play? Can the Doctor, Graham, Yaz and Ryan keep the populace of Bilehurst Cragg safe from the forces surrounding the land?",0,0,0,0,0,Alex Mercer,Sallie Aprahamian,Joy Wilkinson,Segun Akinola,0,0,0,1,0,0.0,0.0,0.0,0.0,0.0,0.0,0.0,0.0,1.0,0.0,0.0,0.0,0.0,0.0,0.0,0.0,0.0,0.0,0.0,0.0,0.0,0.0,0.0,1.0,0.0,0.0,0.0,0.0,0.0,0.0,0.0,0.0,1.0,0.0,2018-11-25,5.9,7.21,0,0,0,1,0
11.09,It Takes You Away,11,13,"On the edge of a Norwegian fjord, in the present day, The Doctor, Ryan, Graham and Yaz discover a boarded-up cottage and a girl named Hanne in need of their help. What has happened here? What monster lurks in the woods around the cottage - and beyond?",0,0,0,0,0,Alex Mercer,Jamie Childs,Ed Hime,Segun Akinola,0,0,0,1,0,0.0,0.0,0.0,0.0,0.0,0.0,0.0,1.0,1.0,0.0,0.0,0.0,0.0,0.0,0.0,0.0,0.0,0.0,0.0,0.0,0.0,0.0,0.0,1.0,0.0,0.0,0.0,0.0,0.0,0.0,0.0,0.0,1.0,0.0,2018-12-02,6.4,6.42,0,0,0,1,0
11.1,The Battle of Ranskoor Av Kolos,11,13,"Answering nine separate distress calls, the Doctor and team arrive on the remnants of a brutal battlefield on the planet Ranskoor Av Kolos. This planet has many secrets. An amnesiac commander? Mysterious mists? Who or what are the Ux? A deadly reckoning awaits the Doctor and team once they have the answers....",0,0,0,0,0,Alex Mercer,Jamie Childs,Chris Chibnall,Segun Akinola,0,0,0,1,0,0.0,0.0,0.0,0.0,0.0,0.0,0.0,0.0,1.0,0.0,0.0,0.0,0.0,0.0,0.0,0.0,0.0,0.0,0.0,0.0,0.0,0.0,0.0,1.0,0.0,0.0,0.0,0.0,0.0,0.0,0.0,0.0,1.0,0.0,2018-12-09,5.5,6.65,0,0,0,1,0
11.11,Resolution,11,13,"As the New Year begins, a terrifying evil is stirring from across the centuries of Earth's history. As the Doctor, Ryan, Graham and Yaz return home, will they be able to overcome the threat to planet Earth?",0,0,0,0,0,Alex Mercer,Wayne Che Yip,Chris Chibnall,Segun Akinola,0,0,0,1,0,0.0,0.0,0.0,0.0,1.0,0.0,0.0,0.0,1.0,0.0,0.0,0.0,0.0,0.0,0.0,0.0,0.0,0.0,0.0,0.0,0.0,0.0,0.0,1.0,0.0,0.0,0.0,0.0,0.0,0.0,0.0,0.0,1.0,0.0,2019-01-01,6.0,7.13,0,0,0,0,1
